﻿<?xml version="1.0" encoding="utf-8"?>
<deployment>
  <id>6621bded-ffc4-4e3a-b94a-d8e47a44d5ab</id>
  <author>N/A</author>
  <deployer>OneDeploy</deployer>
  <authorEmail>N/A</authorEmail>
  <message>OneDeploy</message>
  <progress></progress>
  <status>Success</status>
  <statusText></statusText>
  <lastSuccessEndTime>2025-12-09T04:32:48.008607Z</lastSuccessEndTime>
  <receivedTime>2025-12-09T04:32:23.6581783Z</receivedTime>
  <startTime>2025-12-09T04:32:25.0428181Z</startTime>
  <endTime>2025-12-09T04:32:48.008607Z</endTime>
  <complete>True</complete>
  <is_temp>False</is_temp>
  <is_readonly>True</is_readonly>
  <buildSummary />
</deployment>