{"_meta": {"version": "0.5"}, "content": [{"type": "text", "text": "Did sci-fi books inspire you to enter science or engineering? In this fascinating conversation, Kevin talks with one of his favorite authors about a broad range of topics from Trotskyism to bioscience research. Kevin Scott Charles Stross Click here for transcript of this episode. Charles Stross: Award-winning sci-fi author"}, {"type": "resource", "resource": {"data": {"@type": "Article", "url": https://behindthetech.libsyn.com/charlie-stross-award-winning-sci-fi-author, "name": "Charles Stross: Award-winning sci-fi author", "site": "Behind-the-Tech", "score": 70, "description": "Did sci-fi books inspire you to enter science or engineering? In this fascinating conversation, Kevin talks with one of his favorite authors about a broad range of topics from Trotskyism to bioscience research. Kevin Scott Charles Stross Click here for transcript of this episode.", "sent": true, "@context": http://schema.org, "headline": "Charles Stross: Award-winning sci-fi author", "articleBody": "Did sci-fi books inspire you to enter science or engineering? In this fascinating conversation, Kevin talks with one of his favorite authors about a broad range of topics from Trotskyism to bioscience research. Kevin Scott Charles Stross Click here for transcript of this episode.", "datePublished": "Tue, 22 Sep 2020 23:00:00 +0000", "author": {"@type": "Person", "name": "Microsoft"}, "publisher": {"@type": "Organization", "name": "Behind The Tech with Kevin Scott", "url": http://sites.libsyn.com/121695/site}, "grounding": https://behindthetech.libsyn.com/charlie-stross-award-winning-sci-fi-author}}}, {"type": "text", "text": "Meet one of Kevin's favorite sci-fi authors who influenced him as a kid growing up in rural Virginia. Kevin and this award-winning writer talk about metaverse and misinformation, as well as ways to combat climate change - including carbon capture, which Neal believes will be one of the biggest tech projects in human history. Neal Stephenson Kevin Scott Behind the Tech with Kevin Scott Discover and listen to other Microsoft podcasts. Neal Stephenson, Award-winning science fiction author"}, {"type": "resource", "resource": {"data": {"@type": "Article", "url": https://behindthetech.libsyn.com/neal-stephenson-award-winning-science-fiction-author, "name": "Neal Stephenson, Award-winning science fiction author", "site": "Behind-the-Tech", "score": 70, "description": "Meet one of Kevin's favorite sci-fi authors who influenced him as a kid growing up in rural Virginia. Kevin and this award-winning writer talk about metaverse and misinformation, as well as ways to combat climate change - including carbon capture, which Neal believes will be one of the biggest tech projects in human history. Neal Stephenson Kevin Scott Behind the Tech with Kevin Scott Discover and listen to other Microsoft podcasts.", "sent": true, "@context": http://schema.org, "headline": "Neal Stephenson, Award-winning science fiction author", "articleBody": "Meet one of Kevin's favorite sci-fi authors who influenced him as a kid growing up in rural Virginia. Kevin and this award-winning writer talk about metaverse and misinformation, as well as ways to combat climate change - including carbon capture, which Neal believes will be one of the biggest tech projects in human history. Neal Stephenson Kevin Scott Behind the Tech with Kevin Scott Discover and listen to other Microsoft podcasts.", "datePublished": "Tue, 08 Feb 2022 02:30:00 +0000", "author": {"@type": "Person", "name": "Microsoft"}, "publisher": {"@type": "Organization", "name": "Behind The Tech with Kevin Scott", "url": http://sites.libsyn.com/121695/site}, "grounding": https://behindthetech.libsyn.com/neal-stephenson-award-winning-science-fiction-author}}}, {"type": "text", "text": "Adrian Tchaikovsky is an award-winning science fiction and fantasy writer and probably one of our favorite authors right now. He is best known for his series Shadows of the Apt and Children of Time. In this episode, Kevin talks with Adrian about his upbringing and how he got interested in science fiction, his unique storytelling abilities, and how current AI technology such as ChatGPT will impact the future of sci-fi novels. Adrian Tchaikovsky Kevin Scott Behind the Tech with Kevin Scott Discover and listen to other Microsoft podcasts. Adrian Tchaikovsky, Award-winning Science Fiction and Fantasy Writer"}, {"type": "resource", "resource": {"data": {"@type": "Article", "url": https://behindthetech.libsyn.com/adrian-tchaikovsky-award-winning-science-fiction-and-fantasy-writer-0, "name": "Adrian Tchaikovsky, Award-winning Science Fiction and Fantasy Writer", "site": "Behind-the-Tech", "score": 70, "description": "Adrian Tchaikovsky is an award-winning science fiction and fantasy writer and probably one of our favorite authors right now. He is best known for his series Shadows of the Apt and Children of Time. In this episode, Kevin talks with Adrian about his upbringing and how he got interested in science fiction, his unique storytelling abilities, and how current AI technology such as ChatGPT will impact the future of sci-fi novels. Adrian Tchaikovsky Kevin Scott Behind the Tech with Kevin Scott Discover and listen to other Microsoft podcasts.", "sent": true, "@context": http://schema.org, "headline": "Adrian Tchaikovsky, Award-winning Science Fiction and Fantasy Writer", "articleBody": "Adrian Tchaikovsky is an award-winning science fiction and fantasy writer and probably one of our favorite authors right now. He is best known for his series Shadows of the Apt and Children of Time. In this episode, Kevin talks with Adrian about his upbringing and how he got interested in science fiction, his unique storytelling abilities, and how current AI technology such as ChatGPT will impact the future of sci-fi novels. Adrian Tchaikovsky Kevin Scott Behind the Tech with Kevin Scott Discover and listen to other Microsoft podcasts.", "datePublished": "Tue, 09 May 2023 11:00:00 +0000", "author": {"@type": "Person", "name": "Microsoft"}, "publisher": {"@type": "Organization", "name": "Behind The Tech with Kevin Scott", "url": http://sites.libsyn.com/121695/site}, "grounding": https://behindthetech.libsyn.com/adrian-tchaikovsky-award-winning-science-fiction-and-fantasy-writer-0}}}, {"type": "text", "text": "As 2023 comes to an end, we take a look back at some of the year's most compelling, thought-provoking conversations with guests like Bill Gates, Neil deGrasse Tyson, OpenAI's Mira Murati, Shopify's Tobi Lutke, will.i.am, Sci-fi author Adrian Tchaikovsky, and many more. The year's programs featured a wide range of topics including equity in tech, advocating for science and, of course, the transformative power of AI. Kevin Scott Behind the Tech with Kevin Scott Discover and listen to other Microsoft podcasts. Year in Review 2023"}, {"type": "resource", "resource": {"data": {"@type": "Article", "url": https://behindthetech.libsyn.com/year-in-review-2023, "name": "Year in Review 2023", "site": "Behind-the-Tech", "score": 70, "description": "As 2023 comes to an end, we take a look back at some of the year's most compelling, thought-provoking conversations with guests like Bill Gates, Neil deGrasse Tyson, OpenAI's Mira Murati, Shopify's Tobi Lutke, will.i.am, Sci-fi author Adrian Tchaikovsky, and many more. The year's programs featured a wide range of topics including equity in tech, advocating for science and, of course, the transformative power of AI. Kevin Scott Behind the Tech with Kevin Scott Discover and listen to other Microsoft podcasts.", "sent": true, "@context": http://schema.org, "headline": "Year in Review 2023", "articleBody": "As 2023 comes to an end, we take a look back at some of the year's most compelling, thought-provoking conversations with guests like Bill Gates, Neil deGrasse Tyson, OpenAI's Mira Murati, Shopify's Tobi Lutke, will.i.am, Sci-fi author Adrian Tchaikovsky, and many more. The year's programs featured a wide range of topics including equity in tech, advocating for science and, of course, the transformative power of AI. Kevin Scott Behind the Tech with Kevin Scott Discover and listen to other Microsoft podcasts.", "datePublished": "Tue, 12 Dec 2023 11:00:00 +0000", "author": {"@type": "Person", "name": "Microsoft"}, "publisher": {"@type": "Organization", "name": "Behind The Tech with Kevin Scott", "url": http://sites.libsyn.com/121695/site}, "grounding": https://behindthetech.libsyn.com/year-in-review-2023}}}, {"type": "text", "text": "The first African American woman in space chats with Kevin about human interstellar flight, the 100 Year Starship project, and experiential education. She talks about achieving one's own level of excellence and explains why exploring an extraordinary tomorrow creates a better today. Click here for transcript of this episode. Kevin Scott 100 Year Starship LookUp Dr. Mae Jemison: Astronaut, engineer, physician and educator"}, {"type": "resource", "resource": {"data": {"@type": "Article", "url": https://behindthetech.libsyn.com/dr-mae-jemison-astronaut-engineer-physician-and-educator, "name": "Dr. Mae Jemison: Astronaut, engineer, physician and educator", "site": "Behind-the-Tech", "score": 65, "description": "The first African American woman in space chats with Kevin about human interstellar flight, the 100 Year Starship project, and experiential education. She talks about achieving one's own level of excellence and explains why exploring an extraordinary tomorrow creates a better today. Click here for transcript of this episode. Kevin Scott 100 Year Starship LookUp", "@context": http://schema.org, "headline": "Dr. Mae Jemison: Astronaut, engineer, physician and educator", "articleBody": "The first African American woman in space chats with Kevin about human interstellar flight, the 100 Year Starship project, and experiential education. She talks about achieving one's own level of excellence and explains why exploring an extraordinary tomorrow creates a better today. Click here for transcript of this episode. Kevin Scott 100 Year Starship LookUp", "datePublished": "Wed, 27 Jan 2021 00:00:00 +0000", "author": {"@type": "Person", "name": "Microsoft"}, "publisher": {"@type": "Organization", "name": "Behind The Tech with Kevin Scott", "url": http://sites.libsyn.com/121695/site}, "grounding": https://behindthetech.libsyn.com/dr-mae-jemison-astronaut-engineer-physician-and-educator}}}, {"type": "text", "text": "As 2022 winds down, we revisit some of the year's most inspirational and fascinating conversations with makers, engineers, award-winning sci-fi authors, and tech leaders\u2014discussing topics ranging from building diversity into the ways we do work, to what the metaverse looks like now and far into the future, to imagining robots that know what you need before you do. Kevin Scott Behind the Tech with Kevin Scott Discover and listen to other Microsoft podcasts. Year in Review 2022"}, {"type": "resource", "resource": {"data": {"@type": "Article", "url": https://behindthetech.libsyn.com/year-in-review-2022, "name": "Year in Review 2022", "site": "Behind-the-Tech", "score": 65, "description": "As 2022 winds down, we revisit some of the year's most inspirational and fascinating conversations with makers, engineers, award-winning sci-fi authors, and tech leaders\u2014discussing topics ranging from building diversity into the ways we do work, to what the metaverse looks like now and far into the future, to imagining robots that know what you need before you do. Kevin Scott Behind the Tech with Kevin Scott Discover and listen to other Microsoft podcasts.", "@context": http://schema.org, "headline": "Year in Review 2022", "articleBody": "As 2022 winds down, we revisit some of the year's most inspirational and fascinating conversations with makers, engineers, award-winning sci-fi authors, and tech leaders\u2014discussing topics ranging from building diversity into the ways we do work, to what the metaverse looks like now and far into the future, to imagining robots that know what you need before you do. Kevin Scott Behind the Tech with Kevin Scott Discover and listen to other Microsoft podcasts.", "datePublished": "Tue, 20 Dec 2022 15:30:00 +0000", "publisher": {"@type": "Organization", "name": "Behind The Tech with Kevin Scott", "url": http://sites.libsyn.com/121695/site}, "grounding": https://behindthetech.libsyn.com/year-in-review-2022}}}, {"type": "text", "text": "XKCD is one of our favorite webcomics - and it started out as doodles in Randall Munroe's college notebooks. Munroe describes his work as \"a webcomic of romance, sarcasm, math, and language.\" In this episode, he joins Kevin to talk about how he got started, where his inspiration comes from and his latest book, What If? 2: Additional Serious Scientific Answers to Absurd Hypothetical Questions. Find out why a surprising number of cartoonists are physicists by training, explore the joy of seeking answers to seemingly impossible questions, and much more! Randall Munroe: XKCD Cartoonist, Author, & Physicist"}, {"type": "resource", "resource": {"data": {"@type": "Article", "url": https://behindthetech.libsyn.com/randall-munroe-xkcd-cartoonist-author-physicist, "name": "Randall Munroe: XKCD Cartoonist, Author, & Physicist", "site": "Behind-the-Tech", "score": 65, "description": "XKCD is one of our favorite webcomics - and it started out as doodles in Randall Munroe's college notebooks. Munroe describes his work as \"a webcomic of romance, sarcasm, math, and language.\" In this episode, he joins Kevin to talk about how he got started, where his inspiration comes from and his latest book, What If? 2: Additional Serious Scientific Answers to Absurd Hypothetical Questions. Find out why a surprising number of cartoonists are physicists by training, explore the joy of seeking answers to seemingly impossible questions, and much more!", "@context": http://schema.org, "headline": "Randall Munroe: XKCD Cartoonist, Author, & Physicist", "articleBody": "XKCD is one of our favorite webcomics - and it started out as doodles in Randall Munroe's college notebooks. Munroe describes his work as \"a webcomic of romance, sarcasm, math, and language.\" In this episode, he joins Kevin to talk about how he got started, where his inspiration comes from and his latest book, What If? 2: Additional Serious Scientific Answers to Absurd Hypothetical Questions. Find out why a surprising number of cartoonists are physicists by training, explore the joy of seeking answers to seemingly impossible questions, and much more!", "datePublished": "Mon, 05 Sep 2022 23:00:00 +0000", "author": {"@type": "Person", "name": "Microsoft"}, "publisher": {"@type": "Organization", "name": "Behind The Tech with Kevin Scott", "url": http://sites.libsyn.com/121695/site}, "grounding": https://behindthetech.libsyn.com/randall-munroe-xkcd-cartoonist-author-physicist}}}, {"type": "text", "text": "Refik Anadol, an internationally renowned media artist and director, joins Behind the Tech to discuss his journey from a childhood fascination with computers in Istanbul to becoming a pioneer in the aesthetics of data and machine intelligence. In this episode, Refik shares his early inspirations\u2014including his first encounter with a Commodore computer and the impact of science fiction on his imagination\u2014and discusses how his work explores the intersection of art and technology. Kevin and Refik delve into the challenges and possibilities that ubiquitous computing has imposed on humanity, and how the perception and experience of time and space are radically changing in the digital age. They explore Refik's innovative projects, such as data-driven machine learning algorithms that create abstract, colorful environments and his immersive audio/visual installations that transform entire buildings. They also discuss the significance of AI in art, the concept of 'data painting,' and the future of digital art in a rapidly evolving technological landscape. Learn more and support these organizations in North Carolina: John Britt Pottery akira satake ceramics | GoFundMe Mudtools East Fork Refik Anadol Studio | Refik Anadol Living Art Kevin Scott Behind the Tech with Kevin Scott Discover and listen to other Microsoft podcasts. Refik Anadol, Director / Media Artist at Refik Anadol Studio, Visiting Researcher & Lecturer at UCLA's Design Media Arts Department."}, {"type": "resource", "resource": {"data": {"@type": "Article", "url": https://behindthetech.libsyn.com/refik-anadol-director-media-artist-at-refik-anadol-studio-visiting-researcher-lecturer-at-uclas-design-media-arts-department, "name": "Refik Anadol, Director / Media Artist at Refik Anadol Studio, Visiting Researcher & Lecturer at UCLA's Design Media Arts Department.", "site": "Behind-the-Tech", "score": 65, "description": "Refik Anadol, an internationally renowned media artist and director, joins Behind the Tech to discuss his journey from a childhood fascination with computers in Istanbul to becoming a pioneer in the aesthetics of data and machine intelligence. In this episode, Refik shares his early inspirations\u2014including his first encounter with a Commodore computer and the impact of science fiction on his imagination\u2014and discusses how his work explores the intersection of art and technology. Kevin and Refik delve into the challenges and possibilities that ubiquitous computing has imposed on humanity, and how the perception and experience of time and space are radically changing in the digital age. They explore Refik's innovative projects, such as data-driven machine learning algorithms that create abstract, colorful environments and his immersive audio/visual installations that transform entire buildings. They also discuss the significance of AI in art, the concept of 'data painting,' and the future of digital art in a rapidly evolving technological landscape. Learn more and support these organizations in North Carolina: John Britt Pottery akira satake ceramics | GoFundMe Mudtools East Fork Refik Anadol Studio | Refik Anadol Living Art Kevin Scott Behind the Tech with Kevin Scott Discover and listen to other Microsoft podcasts.", "@context": http://schema.org, "headline": "Refik Anadol, Director / Media Artist at Refik Anadol Studio, Visiting Researcher & Lecturer at UCLA's Design Media Arts Department.", "articleBody": "Refik Anadol, an internationally renowned media artist and director, joins Behind the Tech to discuss his journey from a childhood fascination with computers in Istanbul to becoming a pioneer in the aesthetics of data and machine intelligence. In this episode, Refik shares his early inspirations\u2014including his first encounter with a Commodore computer and the impact of science fiction on his imagination\u2014and discusses how his work explores the intersection of art and technology. Kevin and Refik delve into the challenges and possibilities that ubiquitous computing has imposed on humanity, and how the perception and experience of time and space are radically changing in the digital age. They explore Refik's innovative projects, such as data-driven machine learning algorithms that create abstract, colorful environments and his immersive audio/visual installations that transform entire buildings. They also discuss the significance of AI in art, the concept of 'data painting,' and the future of digital art in a rapidly evolving technological landscape. Learn more and support these organizations in North Carolina: John Britt Pottery akira satake ceramics | GoFundMe Mudtools East Fork Refik Anadol Studio | Refik Anadol Living Art Kevin Scott Behind the Tech with Kevin Scott Discover and listen to other Microsoft podcasts.", "datePublished": "Tue, 12 Nov 2024 13:30:00 +0000", "author": {"@type": "Person", "name": "Microsoft"}, "publisher": {"@type": "Organization", "name": "Behind The Tech with Kevin Scott", "url": http://sites.libsyn.com/121695/site}, "grounding": https://behindthetech.libsyn.com/refik-anadol-director-media-artist-at-refik-anadol-studio-visiting-researcher-lecturer-at-uclas-design-media-arts-department}}}, {"type": "text", "text": "Steven Bathiche, who's behind some of the most innovative Microsoft products, shares his philosophy of life and talks about new computing form factors from AI and machine learning to robotics. Listen in as Kevin talks with Steven about where creative ideas originate \u2013 and how to use failure to create your next success. Kevin Scott Click here for transcript of this episode. Steven Bathiche: Microsoft Technical Fellow"}, {"type": "resource", "resource": {"data": {"@type": "Article", "url": https://behindthetech.libsyn.com/steven-bathiche-microsoft-technical-fellow, "name": "Steven Bathiche: Microsoft Technical Fellow", "site": "Behind-the-Tech", "score": 60, "description": "Steven Bathiche, who's behind some of the most innovative Microsoft products, shares his philosophy of life and talks about new computing form factors from AI and machine learning to robotics. Listen in as Kevin talks with Steven about where creative ideas originate \u2013 and how to use failure to create your next success. Kevin Scott Click here for transcript of this episode.", "@context": http://schema.org, "headline": "Steven Bathiche: Microsoft Technical Fellow", "articleBody": "Steven Bathiche, who's behind some of the most innovative Microsoft products, shares his philosophy of life and talks about new computing form factors from AI and machine learning to robotics. Listen in as Kevin talks with Steven about where creative ideas originate \u2013 and how to use failure to create your next success. Kevin Scott Click here for transcript of this episode.", "datePublished": "Mon, 19 Jul 2021 23:00:00 +0000", "author": {"@type": "Person", "name": "Microsoft"}, "publisher": {"@type": "Organization", "name": "Behind The Tech with Kevin Scott", "url": http://sites.libsyn.com/121695/site}, "grounding": https://behindthetech.libsyn.com/steven-bathiche-microsoft-technical-fellow}}}, {"type": "text", "text": "Neil deGrasse Tyson is one of America's best-known astrophysicists and a huge advocate for the sciences and scientific thinking. Neil has a great talent for presenting complex concepts in a clear and accessible manner, a critical aspect of his role as an educator and director of the Hayden Planetarium. In this episode, Kevin talks with Neil about his interest in the sciences and innate curiosity, how he stays up to date in pop culture, topics he explores in his book Starry Messenger, and so much more! Neil deGrasse Tyson | StarTalk Kevin Scott Behind the Tech with Kevin Scott Discover and listen to other Microsoft podcasts. Neil deGrasse Tyson, Astrophysicist, Author, and Podcast Host"}, {"type": "resource", "resource": {"data": {"@type": "Article", "url": https://behindthetech.libsyn.com/neil-degrasse-tyson-astrophysicist-author-and-podcast-host, "name": "Neil deGrasse Tyson, Astrophysicist, Author, and Podcast Host", "site": "Behind-the-Tech", "score": 60, "description": "Neil deGrasse Tyson is one of America's best-known astrophysicists and a huge advocate for the sciences and scientific thinking. Neil has a great talent for presenting complex concepts in a clear and accessible manner, a critical aspect of his role as an educator and director of the Hayden Planetarium. In this episode, Kevin talks with Neil about his interest in the sciences and innate curiosity, how he stays up to date in pop culture, topics he explores in his book Starry Messenger, and so much more! Neil deGrasse Tyson | StarTalk Kevin Scott Behind the Tech with Kevin Scott Discover and listen to other Microsoft podcasts.", "@context": http://schema.org, "headline": "Neil deGrasse Tyson, Astrophysicist, Author, and Podcast Host", "articleBody": "Neil deGrasse Tyson is one of America's best-known astrophysicists and a huge advocate for the sciences and scientific thinking. Neil has a great talent for presenting complex concepts in a clear and accessible manner, a critical aspect of his role as an educator and director of the Hayden Planetarium. In this episode, Kevin talks with Neil about his interest in the sciences and innate curiosity, how he stays up to date in pop culture, topics he explores in his book Starry Messenger, and so much more! Neil deGrasse Tyson | StarTalk Kevin Scott Behind the Tech with Kevin Scott Discover and listen to other Microsoft podcasts.", "datePublished": "Tue, 23 May 2023 14:30:00 +0000", "author": {"@type": "Person", "name": "Microsoft"}, "publisher": {"@type": "Organization", "name": "Behind The Tech with Kevin Scott", "url": http://sites.libsyn.com/121695/site}, "grounding": https://behindthetech.libsyn.com/neil-degrasse-tyson-astrophysicist-author-and-podcast-host}}}]}