﻿<?xml version="1.0" encoding="utf-8"?>
<deployment>
  <id>db819759-aaa6-4332-9a9b-d6b5fc0d2986</id>
  <author>N/A</author>
  <deployer>Push-Deployer</deployer>
  <authorEmail>N/A</authorEmail>
  <message>Created via a push deployment</message>
  <progress></progress>
  <status>Success</status>
  <statusText></statusText>
  <lastSuccessEndTime>2025-07-04T18:09:39.3369764Z</lastSuccessEndTime>
  <receivedTime>2025-07-04T18:09:32.8726381Z</receivedTime>
  <startTime>2025-07-04T18:09:34.0574286Z</startTime>
  <endTime>2025-07-04T18:09:39.3369764Z</endTime>
  <complete>True</complete>
  <is_temp>False</is_temp>
  <is_readonly>True</is_readonly>
  <buildSummary />
</deployment>