﻿<?xml version="1.0" encoding="utf-8"?>
<deployment>
  <id>4ea5ef71-99f3-4cd6-a61a-243b81db77ec</id>
  <author>N/A</author>
  <deployer>OneDeploy</deployer>
  <authorEmail>N/A</authorEmail>
  <message>OneDeploy</message>
  <progress></progress>
  <status>Success</status>
  <statusText></statusText>
  <lastSuccessEndTime>2025-11-13T20:50:39.69501Z</lastSuccessEndTime>
  <receivedTime>2025-11-13T20:49:48.3096377Z</receivedTime>
  <startTime>2025-11-13T20:49:49.7094613Z</startTime>
  <endTime>2025-11-13T20:50:39.69501Z</endTime>
  <complete>True</complete>
  <is_temp>False</is_temp>
  <is_readonly>True</is_readonly>
  <buildSummary />
</deployment>