<step title="BackgroundTrace" date="2025-06-04T16:18:04.693" instance="65a20e" url="/api/zipdeploy" method="POST" >
  <step title="Cleanup Xml Logs" date="2025-06-04T16:18:04.696" /><!-- duration: 4ms -->
  <step title="Creating temporary deployment - FetchDeploymentManager" date="2025-06-04T16:18:04.766" /><!-- duration: 2ms -->
  <step title="Creating temporary deployment" date="2025-06-04T16:18:04.771" /><!-- duration: 31ms -->
  <step title="Performing fetch based deployment" date="2025-06-04T16:18:04.886" >
    <step title="Cleaning up temp folders from previous zip deployments and extracting pushed zip file /tmp/zipdeploy/128a6ca3-dc01-451d-ac5e-19a501a91fe0.zip (5.61 MB) to /tmp/zipdeploy/extracted" date="2025-06-04T16:18:06.000" >
      <step title="ChmodRecursive Process exited with total time taken in ms: 87" date="2025-06-04T16:18:06.308" /><!-- duration: 3ms -->
    </step><!-- duration: 313ms -->
    <step title="Deployment timer started" date="2025-06-04T16:18:08.322" >
      <step title="DeploymentManager.Deploy(id:af9919c7-9563-410d-b8a8-8bfad3dfd136)" date="2025-06-04T16:18:08.332" >
        <step title="Collecting changeset information" date="2025-06-04T16:18:08.345" /><!-- duration: 50ms -->
        <step title="Updating submodules" date="2025-06-04T16:18:08.400" /><!-- duration: 1093ms -->
        <step title="Determining deployment builder" date="2025-06-04T16:18:09.634" >
          <step title="Builder is BasicBuilder" date="2025-06-04T16:18:09.643" /><!-- duration: 2ms -->
        </step><!-- duration: 13ms -->
        <step title="PreDeployment: context.CleanOutputPath False" date="2025-06-04T16:18:09.678" >
          <step title="PreDeployment: context.OutputPath /home/site/wwwroot" date="2025-06-04T16:18:09.737" >
            <step title="Building" date="2025-06-04T16:18:09.811" >
              <step title="Executing external process" date="2025-06-04T16:18:09.966" type="process" path="starter.sh" arguments="/opt/Kudu/Scripts/parallel_rsync.sh /tmp/zipdeploy/extracted /home/site/wwwroot 8 /tmp/ False True  " /><!-- duration: 2940ms -->
              <step title="Triggering recycle (preview mode disabled)." date="2025-06-04T16:18:13.055" /><!-- duration: 3ms -->
              <step title="Modified file to trigger a restart of the app container." date="2025-06-04T16:18:13.071" /><!-- duration: 2ms -->
              <step title="Skip function trigger and logicapp sync because function is not enabled." date="2025-06-04T16:18:13.076" /><!-- duration: 2ms -->
            </step><!-- duration: 3819ms -->
          </step><!-- duration: 3897ms -->
          <step title="Cleaning up temp files" date="2025-06-04T16:18:13.635" /><!-- duration: 3ms -->
          <step title="Cleaning up temp files" date="2025-06-04T16:18:13.640" /><!-- duration: 503ms -->
          <step title="Reloading status file with latest updates" date="2025-06-04T16:18:14.162" >
            <step title="WebHooksManager.PublishEventAsync: PostDeployment" date="2025-06-04T16:18:14.164" /><!-- duration: 30ms -->
          </step><!-- duration: 35ms -->
          <step title="Cleaning up temporary deployment - fetch deployment was successful" date="2025-06-04T16:18:14.201" /><!-- duration: 2ms -->
        </step><!-- duration: 4576ms -->
      </step><!-- duration: 5933ms -->
