<step title="BackgroundTrace" date="2025-06-04T17:48:48.943" instance="65a20e" url="/api/zipdeploy" method="POST" >
  <step title="Creating temporary deployment - FetchDeploymentManager" date="2025-06-04T17:48:48.970" /><!-- duration: 2ms -->
  <step title="Creating temporary deployment" date="2025-06-04T17:48:48.975" /><!-- duration: 40ms -->
  <step title="Performing fetch based deployment" date="2025-06-04T17:48:49.040" >
    <step title="Cleaning up temp folders from previous zip deployments and extracting pushed zip file /tmp/zipdeploy/5441cd6a-c47d-473a-a3c7-1438cae58c05.zip (5.96 MB) to /tmp/zipdeploy/extracted" date="2025-06-04T17:48:50.123" >
      <step title="ChmodRecursive Process exited with total time taken in ms: 26" date="2025-06-04T17:48:50.346" /><!-- duration: 2ms -->
    </step><!-- duration: 227ms -->
    <step title="Deployment timer started" date="2025-06-04T17:48:52.361" >
      <step title="DeploymentManager.Deploy(id:4bb016ab-b2c6-4ddc-b34a-060893ba6be9)" date="2025-06-04T17:48:52.366" >
        <step title="Collecting changeset information" date="2025-06-04T17:48:52.377" /><!-- duration: 68ms -->
        <step title="Updating submodules" date="2025-06-04T17:48:52.450" /><!-- duration: 1060ms -->
        <step title="Determining deployment builder" date="2025-06-04T17:48:53.643" >
          <step title="Builder is BasicBuilder" date="2025-06-04T17:48:53.649" /><!-- duration: 2ms -->
        </step><!-- duration: 10ms -->
        <step title="PreDeployment: context.CleanOutputPath False" date="2025-06-04T17:48:53.673" >
          <step title="PreDeployment: context.OutputPath /home/site/wwwroot" date="2025-06-04T17:48:53.730" >
            <step title="Building" date="2025-06-04T17:48:53.797" >
              <step title="Generating deployment script" date="2025-06-04T17:48:53.857" >
                <step title="Using cached version of the deployment script for command: -y --no-dot-deployment -r &quot;/tmp/zipdeploy/extracted&quot; -o &quot;/home/site/deployments/tools&quot; --basic --sitePath &quot;/tmp/zipdeploy/extracted&quot;" date="2025-06-04T17:48:53.883" /><!-- duration: 2ms -->
              </step><!-- duration: 41ms -->
              <step title="Executing external process" date="2025-06-04T17:48:54.014" type="process" path="starter.sh" arguments="&quot;/home/site/deployments/tools/deploy.sh&quot;" /><!-- duration: 492ms -->
              <step title="Triggering recycle (preview mode disabled)." date="2025-06-04T17:48:54.649" /><!-- duration: 3ms -->
              <step title="Modified file to trigger a restart of the app container." date="2025-06-04T17:48:54.668" /><!-- duration: 2ms -->
              <step title="Skip function trigger and logicapp sync because function is not enabled." date="2025-06-04T17:48:54.673" /><!-- duration: 2ms -->
              <step title="Purge deployment items" date="2025-06-04T17:48:55.274" >
                <step title="Remove b0128b22-, Success, received at 05/28/2025 02:12:55" date="2025-06-04T17:48:55.303" /><!-- duration: 2ms -->
              </step><!-- duration: 34ms -->
            </step><!-- duration: 1543ms -->
          </step><!-- duration: 1613ms -->
          <step title="Cleaning up temp files" date="2025-06-04T17:48:55.345" /><!-- duration: 3ms -->
          <step title="Cleaning up temp files" date="2025-06-04T17:48:55.349" /><!-- duration: 504ms -->
          <step title="Reloading status file with latest updates" date="2025-06-04T17:48:55.883" >
            <step title="WebHooksManager.PublishEventAsync: PostDeployment" date="2025-06-04T17:48:55.886" /><!-- duration: 16ms -->
          </step><!-- duration: 21ms -->
          <step title="Cleaning up temporary deployment - fetch deployment was successful" date="2025-06-04T17:48:55.908" /><!-- duration: 2ms -->
        </step><!-- duration: 2274ms -->
      </step><!-- duration: 3591ms -->
