<step title="Incoming Request" date="2025-05-28T03:14:19.184" instance="72814a" url="/api/zipdeploy?isAsync=true" method="POST" type="request" pid="821,1,40" Accept="*/*" Host="nlw.scm.azurewebsites.net" User-Agent="AZURECLI/2.73.0 (HOMEBREW)" Accept-Encoding="gzip, deflate" Authorization="Bea..." Cache-Control="no-cache" Content-Type="application/octet-stream" Cookie="ARRAffinity=72814a4f3758196d8bbec02716c10765ae2f4c3db6fe192a77df42acc7895a1b; ARRAffinitySameSite=72814a4f3758196d8bbec02716c10765ae2f4c3db6fe192a77df42acc7895a1b" Content-Length="5510395" x-ms-client-request-id="d3ad7754-3b71-11f0-9c28-22de8617e482" x-ms-artifact-checksum="a534574dd8e42fcf4142bb9375abe3fc8591d000496f2898af1a62bd75e8c420" X-ARR-LOG-ID="d3ad7754-3b71-11f0-9c28-22de8617e482" CLIENT-IP="204.11.229.42:49429" X-SITE-DEPLOYMENT-ID="nlw" WAS-DEFAULT-HOSTNAME="nlw.scm.azurewebsites.net" X-Forwarded-Proto="https" X-AppService-Proto="https" X-Forwarded-TlsVersion="1.3" X-WAWS-Unencoded-URL="/api/zipdeploy?isAsync=true" X-Client-IP="204.11.229.42" X-Client-Port="49429" >
  <step title="ZipPushDeploy" date="2025-05-28T03:14:19.190" >
    <step title="ZipDeploy. Extract zip." date="2025-05-28T03:14:19.199" /><!-- duration: 2ms -->
    <step title="Starting PushDeployAsync" date="2025-05-28T03:14:19.204" /><!-- duration: 2ms -->
    <step title="Error occurred" date="2025-05-28T03:14:19.216" type="error" text="Error removing symlink: Path doesn&apos;t exist!" stackTrace="   at Mono.Unix.UnixFileSystemInfo.AssertValid()
   at Mono.Unix.UnixFileSystemInfo.get_FileType()
   at Kudu.Services.Deployment.PushDeploymentController.PushDeployAsync(ArtifactDeploymentInfo deploymentInfo, Boolean isAsync, HttpContext context, JObject requestJson) in /tmp/KuduLite/Kudu.Services/Deployment/PushDeploymentController.cs:line 740" /><!-- duration: 10ms -->
    <step title="Writing artifact to /tmp/zipdeploy/1c14b8ba-4672-4245-99ad-8383331a77c6.zip" date="2025-05-28T03:14:19.240" >
      <step title="Writing multipart request body to /tmp/zipdeploy/1c14b8ba-4672-4245-99ad-8383331a77c6.zip" date="2025-05-28T03:14:19.249" /><!-- duration: 4ms -->
    </step><!-- duration: 1097ms -->
    <step title="Start deployment in the background" date="2025-05-28T03:14:20.348" >
      <step title="Acquiring Deployment Lock" date="2025-05-28T03:14:20.358" /><!-- duration: 1ms -->
      <step title="Acquired Deployment Lock" date="2025-05-28T03:14:20.373" /><!-- duration: 1ms -->
    </step><!-- duration: 63ms -->
  </step><!-- duration: 1223ms -->
  <step title="Outgoing response" date="2025-05-28T03:14:20.414" type="response" statusCode="202" statusText="Accepted" /><!-- duration: 1ms -->
</step><!-- duration: 1233ms -->
