<step title="Incoming Request" date="2025-12-09T04:32:19.494" instance="d01f0e" url="/api/publish?type=zip" method="POST" type="request" pid="767,1,5" Accept="*/*" Host="nlw.scm.azurewebsites.net" User-Agent="AZURECLI/2.73.0 (HOMEBREW)" Accept-Encoding="gzip, deflate" Authorization="Bea..." Cache-Control="no-cache" Content-Type="application/octet-stream" Cookie="ARRAffinity=d01f0e2c776e2be2d589acb97798d74722ef606898c6a5d8501c81c171161cac; ARRAffinitySameSite=d01f0e2c776e2be2d589acb97798d74722ef606898c6a5d8501c81c171161cac" Content-Length="1089004" x-ms-client-request-id="0185ad60-d4b8-11f0-b42f-22de8617e480" x-ms-artifact-checksum="98c7fa23513a0db63fd91d0ee3aec4552cdf430febd06de220e644f69982923a" X-ARR-LOG-ID="0185ad60-d4b8-11f0-b42f-22de8617e480" CLIENT-IP="204.11.229.42:61557" X-SITE-DEPLOYMENT-ID="nlw" WAS-DEFAULT-HOSTNAME="nlw.scm.azurewebsites.net" X-Forwarded-Proto="https" X-AppService-Proto="https" X-Forwarded-TlsVersion="1.3" X-WAWS-Unencoded-URL="/api/publish?type=zip" X-Client-IP="204.11.229.42" X-Client-Port="61557" >
  <step title="OneDeploy" date="2025-12-09T04:32:19.548" >
    <step title="None repository commit" date="2025-12-09T04:32:19.559" >
      <step title="Commit id: 6621bded-ffc4-4e3a-b94a-d8e47a44d5ab" date="2025-12-09T04:32:19.564" Message="N/A" AuthorName="N/A" AuthorEmail="N/A" /><!-- duration: 3ms -->
    </step><!-- duration: 12ms -->
    <step title="Starting PushDeployAsync" date="2025-12-09T04:32:19.575" /><!-- duration: 4ms -->
    <step title="Writing artifact to /tmp/zipdeploy/191b20da-84a6-4ec1-b19a-b9940098a9cb.zip" date="2025-12-09T04:32:19.632" >
      <step title="Writing multipart request body to /tmp/zipdeploy/191b20da-84a6-4ec1-b19a-b9940098a9cb.zip" date="2025-12-09T04:32:19.636" /><!-- duration: 4ms -->
    </step><!-- duration: 479ms -->
    <step title="Attempting to fetch target branch HEAD" date="2025-12-09T04:32:20.121" /><!-- duration: 3ms -->
    <step title="Acquiring Deployment Lock" date="2025-12-09T04:32:20.128" /><!-- duration: 6ms -->
    <step title="Acquired Deployment Lock" date="2025-12-09T04:32:20.187" /><!-- duration: 3ms -->
    <step title="Performing fetch based deployment" date="2025-12-09T04:32:20.199" >
      <step title="Creating temporary deployment" date="2025-12-09T04:32:20.202" /><!-- duration: 74ms -->
      <step title="Releasing Deployment Lock" date="2025-12-09T04:32:21.463" /><!-- duration: 6ms -->
      <step title="Cleaning up temp folders from previous zip deployments and extracting pushed zip file /tmp/zipdeploy/191b20da-84a6-4ec1-b19a-b9940098a9cb.zip (1.04 MB) to /tmp/zipdeploy/extracted" date="2025-12-09T04:32:21.499" >
        <step title="ChmodRecursive Process exited with total time taken in ms: 31" date="2025-12-09T04:32:21.586" /><!-- duration: 4ms -->
      </step><!-- duration: 97ms -->
      <step title="None repository commit" date="2025-12-09T04:32:21.600" >
        <step title="Commit id: 6621bded-ffc4-4e3a-b94a-d8e47a44d5ab" date="2025-12-09T04:32:21.602" Message="OneDeploy" AuthorName="N/A" AuthorEmail="N/A" /><!-- duration: 3ms -->
      </step><!-- duration: 8ms -->
      <step title="Deployment timer started" date="2025-12-09T04:32:23.612" >
        <step title="DeploymentManager.Deploy(id:6621bded-ffc4-4e3a-b94a-d8e47a44d5ab)" date="2025-12-09T04:32:23.617" >
          <step title="Collecting changeset information" date="2025-12-09T04:32:23.630" /><!-- duration: 98ms -->
          <step title="Updating submodules" date="2025-12-09T04:32:23.737" /><!-- duration: 1166ms -->
          <step title="Determining deployment builder" date="2025-12-09T04:32:25.113" >
            <step title="Builder is OryxBuilder" date="2025-12-09T04:32:25.122" /><!-- duration: 3ms -->
          </step><!-- duration: 16ms -->
          <step title="PreDeployment: context.CleanOutputPath False" date="2025-12-09T04:32:25.196" >
            <step title="PreDeployment: context.OutputPath /home/site/wwwroot" date="2025-12-09T04:32:25.317" >
              <step title="Building" date="2025-12-09T04:32:25.490" >
                <step title="Executing external process" date="2025-12-09T04:32:25.783" type="process" path="starter.sh" arguments="kudusync -v 50 -f /tmp/zipdeploy/extracted -t /home/site/wwwroot -n /home/site/deployments/6621bded-ffc4-4e3a-b94a-d8e47a44d5ab/manifest -p /home/site/deployments/4ea5ef71-99f3-4cd6-a61a-243b81db77ec/manifest -i &quot;.git;.hg;.deployment;.deploy.sh&quot;" /><!-- duration: 21111ms -->
                <step title="Modified file to trigger a restart of the app container." date="2025-12-09T04:32:47.653" /><!-- duration: 3ms -->
                <step title="Skip function trigger and logicapp sync because function is not enabled." date="2025-12-09T04:32:47.659" /><!-- duration: 3ms -->
                <step title="Purge deployment items" date="2025-12-09T04:32:48.625" >
                  <step title="Remove c6c5ec53-, Success, received at 06/04/2025 17:51:00" date="2025-12-09T04:32:48.748" /><!-- duration: 4ms -->
                </step><!-- duration: 130ms -->
              </step><!-- duration: 23341ms -->
            </step><!-- duration: 23519ms -->
            <step title="Cleaning up temp files" date="2025-12-09T04:32:48.839" /><!-- duration: 4ms -->
            <step title="Cleaning up temp files" date="2025-12-09T04:32:48.848" /><!-- duration: 504ms -->
            <step title="Reloading status file with latest updates" date="2025-12-09T04:32:49.378" >
              <step title="WebHooksManager.PublishEventAsync: PostDeployment" date="2025-12-09T04:32:49.384" /><!-- duration: 39ms -->
            </step><!-- duration: 47ms -->
            <step title="Cleaning up temporary deployment - fetch deployment was successful" date="2025-12-09T04:32:49.431" /><!-- duration: 8ms -->
          </step><!-- duration: 24299ms -->
        </step><!-- duration: 25883ms -->
        <step title="Outgoing response" date="2025-12-09T04:32:49.509" type="response" statusCode="200" statusText="OK" /><!-- duration: 4ms -->
      </step><!-- duration: 25903ms -->
