<step title="BackgroundTrace" date="2025-06-04T17:13:55.162" instance="65a20e" url="/api/zipdeploy" method="POST" >
  <step title="Creating temporary deployment - FetchDeploymentManager" date="2025-06-04T17:13:55.194" /><!-- duration: 2ms -->
  <step title="Creating temporary deployment" date="2025-06-04T17:13:55.198" /><!-- duration: 27ms -->
  <step title="Performing fetch based deployment" date="2025-06-04T17:13:55.249" >
    <step title="Cleaning up temp folders from previous zip deployments and extracting pushed zip file /tmp/zipdeploy/324afd10-92ea-4f47-b100-e9c69947b4e3.zip (5.63 MB) to /tmp/zipdeploy/extracted" date="2025-06-04T17:13:56.334" >
      <step title="ChmodRecursive Process exited with total time taken in ms: 16" date="2025-06-04T17:13:56.451" /><!-- duration: 2ms -->
    </step><!-- duration: 121ms -->
    <step title="Deployment timer started" date="2025-06-04T17:13:58.463" >
      <step title="DeploymentManager.Deploy(id:0d11a3c3-ae45-4c49-85c0-ecc17bcfeca0)" date="2025-06-04T17:13:58.468" >
        <step title="Collecting changeset information" date="2025-06-04T17:13:58.476" /><!-- duration: 51ms -->
        <step title="Updating submodules" date="2025-06-04T17:13:58.531" /><!-- duration: 1068ms -->
        <step title="Determining deployment builder" date="2025-06-04T17:13:59.717" >
          <step title="Builder is BasicBuilder" date="2025-06-04T17:13:59.725" /><!-- duration: 2ms -->
        </step><!-- duration: 13ms -->
        <step title="PreDeployment: context.CleanOutputPath False" date="2025-06-04T17:13:59.756" >
          <step title="PreDeployment: context.OutputPath /home/site/wwwroot" date="2025-06-04T17:13:59.830" >
            <step title="Building" date="2025-06-04T17:13:59.908" >
              <step title="Executing external process" date="2025-06-04T17:14:00.110" type="process" path="starter.sh" arguments="/opt/Kudu/Scripts/parallel_rsync.sh /tmp/zipdeploy/extracted /home/site/wwwroot 8 /tmp/ False True  " /><!-- duration: 2008ms -->
              <step title="Triggering recycle (preview mode disabled)." date="2025-06-04T17:14:02.529" /><!-- duration: 7ms -->
              <step title="Modified file to trigger a restart of the app container." date="2025-06-04T17:14:02.561" /><!-- duration: 2ms -->
              <step title="Skip function trigger and logicapp sync because function is not enabled." date="2025-06-04T17:14:02.567" /><!-- duration: 6ms -->
            </step><!-- duration: 3299ms -->
          </step><!-- duration: 3381ms -->
          <step title="Cleaning up temp files" date="2025-06-04T17:14:03.213" /><!-- duration: 3ms -->
          <step title="Cleaning up temp files" date="2025-06-04T17:14:03.220" /><!-- duration: 503ms -->
          <step title="Reloading status file with latest updates" date="2025-06-04T17:14:03.743" >
            <step title="WebHooksManager.PublishEventAsync: PostDeployment" date="2025-06-04T17:14:03.745" /><!-- duration: 21ms -->
          </step><!-- duration: 26ms -->
          <step title="Cleaning up temporary deployment - fetch deployment was successful" date="2025-06-04T17:14:03.772" /><!-- duration: 2ms -->
        </step><!-- duration: 4058ms -->
      </step><!-- duration: 5356ms -->
