<step title="Incoming Request" date="2025-11-12T21:44:29.796" instance="0ce493" url="/api/publish?type=zip" method="POST" type="request" pid="831,1,26" Accept="*/*" Host="nlw.scm.azurewebsites.net" User-Agent="AZURECLI/2.73.0 (HOMEBREW)" Accept-Encoding="gzip, deflate" Authorization="Bea..." Cache-Control="no-cache" Content-Type="application/octet-stream" Cookie="ARRAffinity=0ce493e10f5dfd14d3b5d8e4a2561b74c87252141b14f03a41221dd01802a017; ARRAffinitySameSite=0ce493e10f5dfd14d3b5d8e4a2561b74c87252141b14f03a41221dd01802a017" Content-Length="648691" x-ms-client-request-id="88d534dc-c010-11f0-9c27-22de8617e481" x-ms-artifact-checksum="087ccda47a2163ad1104a9c80cc38d49993aa72b4fa6ac4f3a6c092f3216285e" X-ARR-LOG-ID="88d534dc-c010-11f0-9c27-22de8617e481" CLIENT-IP="204.11.229.42:62641" X-SITE-DEPLOYMENT-ID="nlw" WAS-DEFAULT-HOSTNAME="nlw.scm.azurewebsites.net" X-Forwarded-Proto="https" X-AppService-Proto="https" X-Forwarded-TlsVersion="1.3" X-WAWS-Unencoded-URL="/api/publish?type=zip" X-Client-IP="204.11.229.42" X-Client-Port="62641" >
  <step title="OneDeploy" date="2025-11-12T21:44:29.859" >
    <step title="None repository commit" date="2025-11-12T21:44:29.866" >
      <step title="Commit id: f1215b3c-6040-4b17-91b7-cd8a441d4575" date="2025-11-12T21:44:29.869" Message="N/A" AuthorName="N/A" AuthorEmail="N/A" /><!-- duration: 2ms -->
    </step><!-- duration: 9ms -->
    <step title="Starting PushDeployAsync" date="2025-11-12T21:44:29.877" /><!-- duration: 2ms -->
    <step title="Writing artifact to /tmp/zipdeploy/5bcb0f27-40f3-462a-b6a1-a3998482f4d9.zip" date="2025-11-12T21:44:29.892" >
      <step title="Writing multipart request body to /tmp/zipdeploy/5bcb0f27-40f3-462a-b6a1-a3998482f4d9.zip" date="2025-11-12T21:44:29.895" /><!-- duration: 2ms -->
    </step><!-- duration: 31ms -->
    <step title="Attempting to fetch target branch HEAD" date="2025-11-12T21:44:29.930" /><!-- duration: 2ms -->
    <step title="Acquiring Deployment Lock" date="2025-11-12T21:44:29.937" /><!-- duration: 3ms -->
    <step title="Acquired Deployment Lock" date="2025-11-12T21:44:29.997" /><!-- duration: 4ms -->
    <step title="Performing fetch based deployment" date="2025-11-12T21:44:30.008" >
      <step title="Creating temporary deployment" date="2025-11-12T21:44:30.011" /><!-- duration: 46ms -->
      <step title="Releasing Deployment Lock" date="2025-11-12T21:44:31.210" /><!-- duration: 4ms -->
      <step title="Cleaning up temp folders from previous zip deployments and extracting pushed zip file /tmp/zipdeploy/5bcb0f27-40f3-462a-b6a1-a3998482f4d9.zip (0.62 MB) to /tmp/zipdeploy/extracted" date="2025-11-12T21:44:31.236" >
        <step title="ChmodRecursive Process exited with total time taken in ms: 19" date="2025-11-12T21:44:31.288" /><!-- duration: 3ms -->
      </step><!-- duration: 58ms -->
      <step title="None repository commit" date="2025-11-12T21:44:31.298" >
        <step title="Commit id: f1215b3c-6040-4b17-91b7-cd8a441d4575" date="2025-11-12T21:44:31.301" Message="OneDeploy" AuthorName="N/A" AuthorEmail="N/A" /><!-- duration: 3ms -->
      </step><!-- duration: 8ms -->
      <step title="Deployment timer started" date="2025-11-12T21:44:33.310" >
        <step title="DeploymentManager.Deploy(id:f1215b3c-6040-4b17-91b7-cd8a441d4575)" date="2025-11-12T21:44:33.315" >
          <step title="Collecting changeset information" date="2025-11-12T21:44:33.324" /><!-- duration: 76ms -->
          <step title="Updating submodules" date="2025-11-12T21:44:33.405" /><!-- duration: 1123ms -->
          <step title="Determining deployment builder" date="2025-11-12T21:44:34.709" >
            <step title="Builder is OneDeployBuilder" date="2025-11-12T21:44:34.716" /><!-- duration: 3ms -->
          </step><!-- duration: 13ms -->
          <step title="PreDeployment: context.CleanOutputPath False" date="2025-11-12T21:44:34.795" >
            <step title="PreDeployment: context.OutputPath /home/site/wwwroot" date="2025-11-12T21:44:34.900" >
              <step title="Building" date="2025-11-12T21:44:35.013" >
                <step title="Executing external process" date="2025-11-12T21:44:35.458" type="process" path="starter.sh" arguments="/opt/Kudu/Scripts/parallel_rsync.sh /tmp/zipdeploy/extracted /home/site/wwwroot 8 /tmp/ False False  " /><!-- duration: 2713ms -->
                <step title="Modified file to trigger a restart of the app container." date="2025-11-12T21:44:38.510" /><!-- duration: 3ms -->
                <step title="Skip function trigger and logicapp sync because function is not enabled." date="2025-11-12T21:44:38.516" /><!-- duration: 3ms -->
                <step title="Purge deployment items" date="2025-11-12T21:44:39.520" >
                  <step title="Remove af9919c7-, Success, received at 06/04/2025 16:18:08" date="2025-11-12T21:44:39.571" /><!-- duration: 2ms -->
                </step><!-- duration: 56ms -->
              </step><!-- duration: 4625ms -->
            </step><!-- duration: 4742ms -->
            <step title="Cleaning up temp files" date="2025-11-12T21:44:39.645" /><!-- duration: 12ms -->
            <step title="Cleaning up temp files" date="2025-11-12T21:44:39.659" /><!-- duration: 503ms -->
            <step title="Reloading status file with latest updates" date="2025-11-12T21:44:40.177" >
              <step title="WebHooksManager.PublishEventAsync: PostDeployment" date="2025-11-12T21:44:40.181" /><!-- duration: 36ms -->
            </step><!-- duration: 41ms -->
            <step title="Cleaning up temporary deployment - fetch deployment was successful" date="2025-11-12T21:44:40.223" /><!-- duration: 3ms -->
          </step><!-- duration: 5488ms -->
        </step><!-- duration: 6972ms -->
        <step title="Outgoing response" date="2025-11-12T21:44:40.296" type="response" statusCode="200" statusText="OK" /><!-- duration: 6ms -->
      </step><!-- duration: 6997ms -->
