<step title="Incoming Request" date="2025-05-28T02:12:51.093" instance="72814a" url="/api/zipdeploy?isAsync=true" method="POST" type="request" pid="821,1,44" Accept="*/*" Host="nlw.scm.azurewebsites.net" User-Agent="AZURECLI/2.73.0 (HOMEBREW)" Accept-Encoding="gzip, deflate" Authorization="Bea..." Cache-Control="no-cache" Content-Type="application/octet-stream" Cookie="ARRAffinity=72814a4f3758196d8bbec02716c10765ae2f4c3db6fe192a77df42acc7895a1b; ARRAffinitySameSite=72814a4f3758196d8bbec02716c10765ae2f4c3db6fe192a77df42acc7895a1b" Content-Length="2671866" x-ms-client-request-id="3eb1cb76-3b69-11f0-9f4e-22de8617e482" x-ms-artifact-checksum="0f95e976ecfdeaaed3705c53a445783765eb500b43ca66970a4e83ea4a81a11a" X-ARR-LOG-ID="3eb1cb76-3b69-11f0-9f4e-22de8617e482" CLIENT-IP="204.11.229.42:65164" X-SITE-DEPLOYMENT-ID="nlw" WAS-DEFAULT-HOSTNAME="nlw.scm.azurewebsites.net" X-Forwarded-Proto="https" X-AppService-Proto="https" X-Forwarded-TlsVersion="1.3" X-WAWS-Unencoded-URL="/api/zipdeploy?isAsync=true" X-Client-IP="204.11.229.42" X-Client-Port="65164" >
  <step title="ZipPushDeploy" date="2025-05-28T02:12:51.108" >
    <step title="ZipDeploy. Extract zip." date="2025-05-28T02:12:51.128" /><!-- duration: 2ms -->
    <step title="Starting PushDeployAsync" date="2025-05-28T02:12:51.132" /><!-- duration: 1ms -->
    <step title="Error occurred" date="2025-05-28T02:12:51.143" type="error" text="Error removing symlink: Path doesn&apos;t exist!" stackTrace="   at Mono.Unix.UnixFileSystemInfo.AssertValid()
   at Mono.Unix.UnixFileSystemInfo.get_FileType()
   at Kudu.Services.Deployment.PushDeploymentController.PushDeployAsync(ArtifactDeploymentInfo deploymentInfo, Boolean isAsync, HttpContext context, JObject requestJson) in /tmp/KuduLite/Kudu.Services/Deployment/PushDeploymentController.cs:line 740" /><!-- duration: 3ms -->
    <step title="Writing artifact to /tmp/zipdeploy/d399f2ed-1401-41c3-9823-3ffcc4168ea7.zip" date="2025-05-28T02:12:51.151" >
      <step title="Writing multipart request body to /tmp/zipdeploy/d399f2ed-1401-41c3-9823-3ffcc4168ea7.zip" date="2025-05-28T02:12:51.155" /><!-- duration: 2ms -->
    </step><!-- duration: 642ms -->
    <step title="Start deployment in the background" date="2025-05-28T02:12:51.800" >
      <step title="Acquiring Deployment Lock" date="2025-05-28T02:12:51.806" /><!-- duration: 1ms -->
      <step title="Acquired Deployment Lock" date="2025-05-28T02:12:51.821" /><!-- duration: 8ms -->
    </step><!-- duration: 92ms -->
  </step><!-- duration: 786ms -->
  <step title="Outgoing response" date="2025-05-28T02:12:51.896" type="response" statusCode="202" statusText="Accepted" /><!-- duration: 2ms -->
</step><!-- duration: 805ms -->
