<step title="Incoming Request" date="2025-06-04T17:48:47.303" instance="65a20e" url="/api/zipdeploy?isAsync=true" method="POST" type="request" pid="821,1,38" Accept="*/*" Host="nlw.scm.azurewebsites.net" User-Agent="AZURECLI/2.73.0 (HOMEBREW)" Accept-Encoding="gzip, deflate" Authorization="Bea..." Cache-Control="no-cache" Content-Type="application/octet-stream" Cookie="ARRAffinity=65a20e064b1a6c476097ac4e6ae4854bff2163349d68722859ad0eeb5b90696a; ARRAffinitySameSite=65a20e064b1a6c476097ac4e6ae4854bff2163349d68722859ad0eeb5b90696a" Content-Length="6247291" x-ms-client-request-id="26c7122e-416c-11f0-bac7-22de8617e481" x-ms-artifact-checksum="5ba7d72002f4316091241a4bcfb1b52c7a2dfc9a7f239a03cb306a0b70b58d0f" X-ARR-LOG-ID="26c7122e-416c-11f0-bac7-22de8617e481" CLIENT-IP="40.78.13.173:1357" X-SITE-DEPLOYMENT-ID="nlw" WAS-DEFAULT-HOSTNAME="nlw.scm.azurewebsites.net" X-Forwarded-Proto="https" X-AppService-Proto="https" X-Forwarded-TlsVersion="1.3" X-WAWS-Unencoded-URL="/api/zipdeploy?isAsync=true" X-Client-IP="40.78.13.173" X-Client-Port="1357" >
  <step title="ZipPushDeploy" date="2025-06-04T17:48:47.310" >
    <step title="ZipDeploy. Extract zip." date="2025-06-04T17:48:47.316" /><!-- duration: 3ms -->
    <step title="Starting PushDeployAsync" date="2025-06-04T17:48:47.323" /><!-- duration: 3ms -->
    <step title="Writing artifact to /tmp/zipdeploy/5441cd6a-c47d-473a-a3c7-1438cae58c05.zip" date="2025-06-04T17:48:47.332" >
      <step title="Writing multipart request body to /tmp/zipdeploy/5441cd6a-c47d-473a-a3c7-1438cae58c05.zip" date="2025-06-04T17:48:47.334" /><!-- duration: 2ms -->
    </step><!-- duration: 1599ms -->
    <step title="Start deployment in the background" date="2025-06-04T17:48:48.941" >
      <step title="Acquiring Deployment Lock" date="2025-06-04T17:48:48.947" /><!-- duration: 3ms -->
      <step title="Acquired Deployment Lock" date="2025-06-04T17:48:48.966" /><!-- duration: 2ms -->
    </step><!-- duration: 76ms -->
  </step><!-- duration: 1708ms -->
  <step title="Outgoing response" date="2025-06-04T17:48:49.022" type="response" statusCode="202" statusText="Accepted" /><!-- duration: 2ms -->
</step><!-- duration: 1723ms -->
