<step title="Incoming Request" date="2025-06-04T17:07:49.282" instance="65a20e" url="/api/zipdeploy?isAsync=true" method="POST" type="request" pid="821,1,78" Accept="*/*" Host="nlw.scm.azurewebsites.net" User-Agent="AZURECLI/2.73.0 (HOMEBREW)" Accept-Encoding="gzip, deflate" Authorization="Bea..." Cache-Control="no-cache" Content-Type="application/octet-stream" Cookie="ARRAffinity=65a20e064b1a6c476097ac4e6ae4854bff2163349d68722859ad0eeb5b90696a; ARRAffinitySameSite=65a20e064b1a6c476097ac4e6ae4854bff2163349d68722859ad0eeb5b90696a" Content-Length="5901913" x-ms-client-request-id="6e369d9c-4166-11f0-927d-22de8617e481" x-ms-artifact-checksum="fde1751b0c98ef5e6cb6399c00f6df361ca3d72e556fb14296874c1a3841cb49" X-ARR-LOG-ID="6e369d9c-4166-11f0-927d-22de8617e481" CLIENT-IP="204.11.229.42:49757" X-SITE-DEPLOYMENT-ID="nlw" WAS-DEFAULT-HOSTNAME="nlw.scm.azurewebsites.net" X-Forwarded-Proto="https" X-AppService-Proto="https" X-Forwarded-TlsVersion="1.3" X-WAWS-Unencoded-URL="/api/zipdeploy?isAsync=true" X-Client-IP="204.11.229.42" X-Client-Port="49757" >
  <step title="ZipPushDeploy" date="2025-06-04T17:07:49.287" >
    <step title="ZipDeploy. Extract zip." date="2025-06-04T17:07:49.295" /><!-- duration: 2ms -->
    <step title="Starting PushDeployAsync" date="2025-06-04T17:07:49.300" /><!-- duration: 2ms -->
    <step title="Writing artifact to /tmp/zipdeploy/d536fdab-a833-4534-8abe-21c60ce6d782.zip" date="2025-06-04T17:07:49.307" >
      <step title="Writing multipart request body to /tmp/zipdeploy/d536fdab-a833-4534-8abe-21c60ce6d782.zip" date="2025-06-04T17:07:49.319" /><!-- duration: 2ms -->
    </step><!-- duration: 1356ms -->
    <step title="Start deployment in the background" date="2025-06-04T17:07:50.694" >
      <step title="Acquiring Deployment Lock" date="2025-06-04T17:07:50.718" /><!-- duration: 2ms -->
      <step title="Acquired Deployment Lock" date="2025-06-04T17:07:50.737" /><!-- duration: 2ms -->
    </step><!-- duration: 96ms -->
  </step><!-- duration: 1505ms -->
  <step title="Outgoing response" date="2025-06-04T17:07:50.795" type="response" statusCode="202" statusText="Accepted" /><!-- duration: 5ms -->
</step><!-- duration: 1520ms -->
