<step title="Incoming Request" date="2025-11-12T22:06:53.352" instance="0ce493" url="/api/publish?type=zip" method="POST" type="request" pid="831,1,33" Accept="*/*" Host="nlw.scm.azurewebsites.net" User-Agent="AZURECLI/2.73.0 (HOMEBREW)" Accept-Encoding="gzip, deflate" Authorization="Bea..." Cache-Control="no-cache" Content-Type="application/octet-stream" Cookie="ARRAffinity=0ce493e10f5dfd14d3b5d8e4a2561b74c87252141b14f03a41221dd01802a017; ARRAffinitySameSite=0ce493e10f5dfd14d3b5d8e4a2561b74c87252141b14f03a41221dd01802a017" Content-Length="840281" x-ms-client-request-id="e24e1968-c013-11f0-b76e-22de8617e481" x-ms-artifact-checksum="b6bbf5b4aaa2426e2ae23a7881e3d3900d6581205a3547ecd7666047ae6c561d" X-ARR-LOG-ID="e24e1968-c013-11f0-b76e-22de8617e481" CLIENT-IP="204.11.229.42:63943" X-SITE-DEPLOYMENT-ID="nlw" WAS-DEFAULT-HOSTNAME="nlw.scm.azurewebsites.net" X-Forwarded-Proto="https" X-AppService-Proto="https" X-Forwarded-TlsVersion="1.3" X-WAWS-Unencoded-URL="/api/publish?type=zip" X-Client-IP="204.11.229.42" X-Client-Port="63943" >
  <step title="OneDeploy" date="2025-11-12T22:06:53.357" >
    <step title="Starting PushDeployAsync" date="2025-11-12T22:06:53.362" /><!-- duration: 2ms -->
    <step title="Writing artifact to /tmp/zipdeploy/d9232328-a3c3-49ea-b979-1997d488d917.zip" date="2025-11-12T22:06:53.371" >
      <step title="Writing multipart request body to /tmp/zipdeploy/d9232328-a3c3-49ea-b979-1997d488d917.zip" date="2025-11-12T22:06:53.374" /><!-- duration: 5ms -->
    </step><!-- duration: 461ms -->
    <step title="Attempting to fetch target branch HEAD" date="2025-11-12T22:06:53.842" /><!-- duration: 2ms -->
    <step title="Acquiring Deployment Lock" date="2025-11-12T22:06:53.848" /><!-- duration: 3ms -->
    <step title="Acquired Deployment Lock" date="2025-11-12T22:06:53.871" /><!-- duration: 2ms -->
    <step title="Performing fetch based deployment" date="2025-11-12T22:06:53.878" >
      <step title="Creating temporary deployment" date="2025-11-12T22:06:53.881" /><!-- duration: 50ms -->
      <step title="Releasing Deployment Lock" date="2025-11-12T22:06:55.054" /><!-- duration: 5ms -->
      <step title="Cleaning up temp folders from previous zip deployments and extracting pushed zip file /tmp/zipdeploy/d9232328-a3c3-49ea-b979-1997d488d917.zip (0.80 MB) to /tmp/zipdeploy/extracted" date="2025-11-12T22:06:55.073" >
        <step title="ChmodRecursive Process exited with total time taken in ms: 11" date="2025-11-12T22:06:55.137" /><!-- duration: 3ms -->
      </step><!-- duration: 70ms -->
      <step title="None repository commit" date="2025-11-12T22:06:55.145" >
        <step title="Commit id: 2dc5d84e-073c-4a73-9f66-d2aeb87fa7a5" date="2025-11-12T22:06:55.147" Message="OneDeploy" AuthorName="N/A" AuthorEmail="N/A" /><!-- duration: 2ms -->
      </step><!-- duration: 6ms -->
      <step title="Deployment timer started" date="2025-11-12T22:06:57.154" >
        <step title="DeploymentManager.Deploy(id:2dc5d84e-073c-4a73-9f66-d2aeb87fa7a5)" date="2025-11-12T22:06:57.161" >
          <step title="Collecting changeset information" date="2025-11-12T22:06:57.169" /><!-- duration: 68ms -->
          <step title="Updating submodules" date="2025-11-12T22:06:57.241" /><!-- duration: 1135ms -->
          <step title="Determining deployment builder" date="2025-11-12T22:06:58.590" >
            <step title="Builder is OneDeployBuilder" date="2025-11-12T22:06:58.595" /><!-- duration: 2ms -->
          </step><!-- duration: 10ms -->
          <step title="PreDeployment: context.CleanOutputPath False" date="2025-11-12T22:06:58.639" >
            <step title="PreDeployment: context.OutputPath /home/site/wwwroot" date="2025-11-12T22:06:58.749" >
              <step title="Building" date="2025-11-12T22:06:58.874" >
                <step title="Executing external process" date="2025-11-12T22:06:59.276" type="process" path="starter.sh" arguments="/opt/Kudu/Scripts/parallel_rsync.sh /tmp/zipdeploy/extracted /home/site/wwwroot 8 /tmp/ False False  " /><!-- duration: 4996ms -->
                <step title="Modified file to trigger a restart of the app container." date="2025-11-12T22:07:04.592" /><!-- duration: 3ms -->
                <step title="Skip function trigger and logicapp sync because function is not enabled." date="2025-11-12T22:07:04.598" /><!-- duration: 3ms -->
                <step title="Purge deployment items" date="2025-11-12T22:07:05.571" >
                  <step title="Remove 4f597ce9-, Success, received at 06/04/2025 17:30:44" date="2025-11-12T22:07:05.615" /><!-- duration: 2ms -->
                </step><!-- duration: 48ms -->
              </step><!-- duration: 6803ms -->
            </step><!-- duration: 6932ms -->
            <step title="Cleaning up temp files" date="2025-11-12T22:07:05.684" /><!-- duration: 3ms -->
            <step title="Cleaning up temp files" date="2025-11-12T22:07:05.689" /><!-- duration: 503ms -->
            <step title="Reloading status file with latest updates" date="2025-11-12T22:07:06.225" >
              <step title="WebHooksManager.PublishEventAsync: PostDeployment" date="2025-11-12T22:07:06.227" /><!-- duration: 21ms -->
            </step><!-- duration: 26ms -->
            <step title="Cleaning up temporary deployment - fetch deployment was successful" date="2025-11-12T22:07:06.254" /><!-- duration: 2ms -->
          </step><!-- duration: 7678ms -->
        </step><!-- duration: 9160ms -->
        <step title="Outgoing response" date="2025-11-12T22:07:06.324" type="response" statusCode="200" statusText="OK" /><!-- duration: 2ms -->
      </step><!-- duration: 9174ms -->
