<step title="Incoming Request" date="2025-11-12T21:59:10.109" instance="0ce493" url="/api/publish?type=zip&amp;async=True" method="POST" type="request" pid="831,1,3" Accept="*/*" Host="nlw.scm.azurewebsites.net" User-Agent="AZURECLI/2.73.0 (HOMEBREW)" Accept-Encoding="gzip, deflate" Authorization="Bea..." Cache-Control="no-cache" Content-Type="application/octet-stream" Cookie="ARRAffinity=0ce493e10f5dfd14d3b5d8e4a2561b74c87252141b14f03a41221dd01802a017; ARRAffinitySameSite=0ce493e10f5dfd14d3b5d8e4a2561b74c87252141b14f03a41221dd01802a017" Content-Length="649234" x-ms-client-request-id="cd2c7eea-c012-11f0-93d6-22de8617e481" x-ms-artifact-checksum="f4374aa0e7ae056a501128d2d5440e1d9dcc07f51922df5bfb12e2353f2919fd" X-ARR-LOG-ID="cd2c7eea-c012-11f0-93d6-22de8617e481" CLIENT-IP="204.11.229.42:63353" X-SITE-DEPLOYMENT-ID="nlw" WAS-DEFAULT-HOSTNAME="nlw.scm.azurewebsites.net" X-Forwarded-Proto="https" X-AppService-Proto="https" X-Forwarded-TlsVersion="1.3" X-WAWS-Unencoded-URL="/api/publish?type=zip&amp;async=True" X-Client-IP="204.11.229.42" X-Client-Port="63353" >
  <step title="OneDeploy" date="2025-11-12T21:59:10.117" >
    <step title="Starting PushDeployAsync" date="2025-11-12T21:59:10.122" /><!-- duration: 3ms -->
    <step title="Writing artifact to /tmp/zipdeploy/7dd2f0d8-830e-43d6-a095-d749e5ef6272.zip" date="2025-11-12T21:59:10.130" >
      <step title="Writing multipart request body to /tmp/zipdeploy/7dd2f0d8-830e-43d6-a095-d749e5ef6272.zip" date="2025-11-12T21:59:10.133" /><!-- duration: 2ms -->
    </step><!-- duration: 13ms -->
    <step title="Start deployment in the background" date="2025-11-12T21:59:10.150" >
      <step title="Acquiring Deployment Lock" date="2025-11-12T21:59:10.160" /><!-- duration: 2ms -->
      <step title="Acquired Deployment Lock" date="2025-11-12T21:59:10.185" /><!-- duration: 3ms -->
    </step><!-- duration: 97ms -->
  </step><!-- duration: 135ms -->
  <step title="Outgoing response" date="2025-11-12T21:59:10.255" type="response" statusCode="202" statusText="Accepted" /><!-- duration: 3ms -->
</step><!-- duration: 150ms -->
