<step title="Incoming Request" date="2025-05-28T02:23:33.738" instance="72814a" url="/api/zipdeploy?isAsync=true" method="POST" type="request" pid="821,1,18" Accept="*/*" Host="nlw.scm.azurewebsites.net" User-Agent="AZURECLI/2.73.0 (HOMEBREW)" Accept-Encoding="gzip, deflate" Authorization="Bea..." Cache-Control="no-cache" Content-Type="application/octet-stream" Cookie="ARRAffinity=72814a4f3758196d8bbec02716c10765ae2f4c3db6fe192a77df42acc7895a1b; ARRAffinitySameSite=72814a4f3758196d8bbec02716c10765ae2f4c3db6fe192a77df42acc7895a1b" Content-Length="5510398" x-ms-client-request-id="bbc061d0-3b6a-11f0-aa33-22de8617e482" x-ms-artifact-checksum="9e50950ca3327d5c21d9518f0a1e411408b17bd59298debacba98a2f8736007f" X-ARR-LOG-ID="bbc061d0-3b6a-11f0-aa33-22de8617e482" CLIENT-IP="204.11.229.42:65398" X-SITE-DEPLOYMENT-ID="nlw" WAS-DEFAULT-HOSTNAME="nlw.scm.azurewebsites.net" X-Forwarded-Proto="https" X-AppService-Proto="https" X-Forwarded-TlsVersion="1.3" X-WAWS-Unencoded-URL="/api/zipdeploy?isAsync=true" X-Client-IP="204.11.229.42" X-Client-Port="65398" >
  <step title="ZipPushDeploy" date="2025-05-28T02:23:33.762" >
    <step title="ZipDeploy. Extract zip." date="2025-05-28T02:23:33.767" /><!-- duration: 2ms -->
    <step title="None repository commit" date="2025-05-28T02:23:33.781" >
      <step title="Commit id: 5f6738da-8bdc-4d9a-8f99-8edac6932f43" date="2025-05-28T02:23:33.783" Message="N/A" AuthorName="N/A" AuthorEmail="N/A" /><!-- duration: 1ms -->
    </step><!-- duration: 5ms -->
    <step title="Starting PushDeployAsync" date="2025-05-28T02:23:33.788" /><!-- duration: 2ms -->
    <step title="Error occurred" date="2025-05-28T02:23:33.813" type="error" text="Error removing symlink: Path doesn&apos;t exist!" stackTrace="   at Mono.Unix.UnixFileSystemInfo.AssertValid()
   at Mono.Unix.UnixFileSystemInfo.get_FileType()
   at Kudu.Services.Deployment.PushDeploymentController.PushDeployAsync(ArtifactDeploymentInfo deploymentInfo, Boolean isAsync, HttpContext context, JObject requestJson) in /tmp/KuduLite/Kudu.Services/Deployment/PushDeploymentController.cs:line 740" /><!-- duration: 2ms -->
    <step title="Writing artifact to /tmp/zipdeploy/d2a7c496-899d-4c77-94bf-56146db5ecf7.zip" date="2025-05-28T02:23:33.820" >
      <step title="Writing multipart request body to /tmp/zipdeploy/d2a7c496-899d-4c77-94bf-56146db5ecf7.zip" date="2025-05-28T02:23:33.826" /><!-- duration: 2ms -->
    </step><!-- duration: 6402ms -->
    <step title="Start deployment in the background" date="2025-05-28T02:23:40.232" >
      <step title="Acquiring Deployment Lock" date="2025-05-28T02:23:40.252" /><!-- duration: 2ms -->
      <step title="Acquired Deployment Lock" date="2025-05-28T02:23:40.279" /><!-- duration: 2ms -->
    </step><!-- duration: 97ms -->
  </step><!-- duration: 6570ms -->
  <step title="Outgoing response" date="2025-05-28T02:23:40.338" type="response" statusCode="202" statusText="Accepted" /><!-- duration: 1ms -->
</step><!-- duration: 6602ms -->
