<step title="BackgroundTrace" date="2025-06-04T19:00:41.339" instance="65a20e" url="/api/zipdeploy" method="POST" >
  <step title="Creating temporary deployment - FetchDeploymentManager" date="2025-06-04T19:00:41.366" /><!-- duration: 2ms -->
  <step title="Creating temporary deployment" date="2025-06-04T19:00:41.370" /><!-- duration: 35ms -->
  <step title="Performing fetch based deployment" date="2025-06-04T19:00:41.430" >
    <step title="Cleaning up temp folders from previous zip deployments and extracting pushed zip file /tmp/zipdeploy/d1ee1bdf-9a3f-4fb6-959b-a990fdab2cc9.zip (5.96 MB) to /tmp/zipdeploy/extracted" date="2025-06-04T19:00:42.507" >
      <step title="ChmodRecursive Process exited with total time taken in ms: 71" date="2025-06-04T19:00:42.686" /><!-- duration: 3ms -->
    </step><!-- duration: 183ms -->
    <step title="Deployment timer started" date="2025-06-04T19:00:44.696" >
      <step title="DeploymentManager.Deploy(id:088c28ef-532d-450d-a31f-66043519f165)" date="2025-06-04T19:00:44.701" >
        <step title="Collecting changeset information" date="2025-06-04T19:00:44.709" /><!-- duration: 50ms -->
        <step title="Updating submodules" date="2025-06-04T19:00:44.763" /><!-- duration: 1063ms -->
        <step title="Determining deployment builder" date="2025-06-04T19:00:46.199" >
          <step title="Builder is BasicBuilder" date="2025-06-04T19:00:46.207" /><!-- duration: 2ms -->
        </step><!-- duration: 20ms -->
        <step title="PreDeployment: context.CleanOutputPath False" date="2025-06-04T19:00:46.241" >
          <step title="PreDeployment: context.OutputPath /home/site/wwwroot" date="2025-06-04T19:00:46.314" >
            <step title="Building" date="2025-06-04T19:00:46.384" >
              <step title="Generating deployment script" date="2025-06-04T19:00:46.467" >
                <step title="Using cached version of the deployment script for command: -y --no-dot-deployment -r &quot;/tmp/zipdeploy/extracted&quot; -o &quot;/home/site/deployments/tools&quot; --basic --sitePath &quot;/tmp/zipdeploy/extracted&quot;" date="2025-06-04T19:00:46.487" /><!-- duration: 2ms -->
              </step><!-- duration: 34ms -->
              <step title="Executing external process" date="2025-06-04T19:00:46.585" type="process" path="starter.sh" arguments="&quot;/home/site/deployments/tools/deploy.sh&quot;" /><!-- duration: 587ms -->
              <step title="Triggering recycle (preview mode disabled)." date="2025-06-04T19:00:47.299" /><!-- duration: 2ms -->
              <step title="Modified file to trigger a restart of the app container." date="2025-06-04T19:00:47.319" /><!-- duration: 13ms -->
              <step title="Skip function trigger and logicapp sync because function is not enabled." date="2025-06-04T19:00:47.334" /><!-- duration: 2ms -->
              <step title="Purge deployment items" date="2025-06-04T19:00:47.911" >
                <step title="Remove 5f6738da-, Success, received at 05/28/2025 02:23:43" date="2025-06-04T19:00:47.950" /><!-- duration: 2ms -->
              </step><!-- duration: 43ms -->
            </step><!-- duration: 1603ms -->
          </step><!-- duration: 1675ms -->
          <step title="Cleaning up temp files" date="2025-06-04T19:00:47.991" /><!-- duration: 3ms -->
          <step title="Cleaning up temp files" date="2025-06-04T19:00:47.996" /><!-- duration: 504ms -->
          <step title="Reloading status file with latest updates" date="2025-06-04T19:00:48.526" >
            <step title="WebHooksManager.PublishEventAsync: PostDeployment" date="2025-06-04T19:00:48.528" /><!-- duration: 14ms -->
          </step><!-- duration: 18ms -->
          <step title="Cleaning up temporary deployment - fetch deployment was successful" date="2025-06-04T19:00:48.546" /><!-- duration: 2ms -->
        </step><!-- duration: 2356ms -->
      </step><!-- duration: 3907ms -->
