<step title="Incoming Request" date="2025-11-12T21:46:22.317" instance="0ce493" url="/api/publish?type=zip" method="POST" type="request" pid="831,1,5" Accept="*/*" Host="nlw.scm.azurewebsites.net" User-Agent="AZURECLI/2.73.0 (HOMEBREW)" Accept-Encoding="gzip, deflate" Authorization="Bea..." Cache-Control="no-cache" Content-Type="application/octet-stream" Cookie="ARRAffinity=0ce493e10f5dfd14d3b5d8e4a2561b74c87252141b14f03a41221dd01802a017; ARRAffinitySameSite=0ce493e10f5dfd14d3b5d8e4a2561b74c87252141b14f03a41221dd01802a017" Content-Length="648691" x-ms-client-request-id="f0f5bbf4-c010-11f0-866a-22de8617e481" x-ms-artifact-checksum="087ccda47a2163ad1104a9c80cc38d49993aa72b4fa6ac4f3a6c092f3216285e" X-ARR-LOG-ID="f0f5bbf4-c010-11f0-866a-22de8617e481" CLIENT-IP="204.11.229.42:62765" X-SITE-DEPLOYMENT-ID="nlw" WAS-DEFAULT-HOSTNAME="nlw.scm.azurewebsites.net" X-Forwarded-Proto="https" X-AppService-Proto="https" X-Forwarded-TlsVersion="1.3" X-WAWS-Unencoded-URL="/api/publish?type=zip" X-Client-IP="204.11.229.42" X-Client-Port="62765" >
  <step title="OneDeploy" date="2025-11-12T21:46:22.346" >
    <step title="None repository commit" date="2025-11-12T21:46:22.353" >
      <step title="Commit id: 58c8f717-0ddf-4429-92f4-476b1e3b3625" date="2025-11-12T21:46:22.355" Message="N/A" AuthorName="N/A" AuthorEmail="N/A" /><!-- duration: 2ms -->
    </step><!-- duration: 7ms -->
    <step title="Starting PushDeployAsync" date="2025-11-12T21:46:22.362" /><!-- duration: 2ms -->
    <step title="Writing artifact to /tmp/zipdeploy/60f97fa4-7aba-460a-8fe1-ecc9162ea6ac.zip" date="2025-11-12T21:46:22.373" >
      <step title="Writing multipart request body to /tmp/zipdeploy/60f97fa4-7aba-460a-8fe1-ecc9162ea6ac.zip" date="2025-11-12T21:46:22.376" /><!-- duration: 3ms -->
    </step><!-- duration: 30ms -->
    <step title="Attempting to fetch target branch HEAD" date="2025-11-12T21:46:22.411" /><!-- duration: 5ms -->
    <step title="Acquiring Deployment Lock" date="2025-11-12T21:46:22.419" /><!-- duration: 2ms -->
    <step title="Acquired Deployment Lock" date="2025-11-12T21:46:22.458" /><!-- duration: 5ms -->
    <step title="Performing fetch based deployment" date="2025-11-12T21:46:22.473" >
      <step title="Creating temporary deployment" date="2025-11-12T21:46:22.476" /><!-- duration: 48ms -->
      <step title="Releasing Deployment Lock" date="2025-11-12T21:46:23.636" /><!-- duration: 4ms -->
      <step title="Cleaning up temp folders from previous zip deployments and extracting pushed zip file /tmp/zipdeploy/60f97fa4-7aba-460a-8fe1-ecc9162ea6ac.zip (0.62 MB) to /tmp/zipdeploy/extracted" date="2025-11-12T21:46:23.660" >
        <step title="ChmodRecursive Process exited with total time taken in ms: 12" date="2025-11-12T21:46:23.705" /><!-- duration: 3ms -->
      </step><!-- duration: 51ms -->
      <step title="None repository commit" date="2025-11-12T21:46:23.715" >
        <step title="Commit id: 58c8f717-0ddf-4429-92f4-476b1e3b3625" date="2025-11-12T21:46:23.717" Message="OneDeploy" AuthorName="N/A" AuthorEmail="N/A" /><!-- duration: 3ms -->
      </step><!-- duration: 7ms -->
      <step title="Deployment timer started" date="2025-11-12T21:46:25.726" >
        <step title="DeploymentManager.Deploy(id:58c8f717-0ddf-4429-92f4-476b1e3b3625)" date="2025-11-12T21:46:25.730" >
          <step title="Collecting changeset information" date="2025-11-12T21:46:25.736" /><!-- duration: 79ms -->
          <step title="Updating submodules" date="2025-11-12T21:46:25.820" /><!-- duration: 1129ms -->
          <step title="Determining deployment builder" date="2025-11-12T21:46:27.153" >
            <step title="Builder is OneDeployBuilder" date="2025-11-12T21:46:27.160" /><!-- duration: 2ms -->
          </step><!-- duration: 12ms -->
          <step title="PreDeployment: context.CleanOutputPath False" date="2025-11-12T21:46:27.205" >
            <step title="PreDeployment: context.OutputPath /home/site/wwwroot" date="2025-11-12T21:46:27.309" >
              <step title="Building" date="2025-11-12T21:46:27.416" >
                <step title="Executing external process" date="2025-11-12T21:46:27.782" type="process" path="starter.sh" arguments="/opt/Kudu/Scripts/parallel_rsync.sh /tmp/zipdeploy/extracted /home/site/wwwroot 8 /tmp/ False False  " /><!-- duration: 1331ms -->
                <step title="Modified file to trigger a restart of the app container." date="2025-11-12T21:46:29.477" /><!-- duration: 3ms -->
                <step title="Skip function trigger and logicapp sync because function is not enabled." date="2025-11-12T21:46:29.484" /><!-- duration: 3ms -->
                <step title="Purge deployment items" date="2025-11-12T21:46:30.438" >
                  <step title="Remove 66b8fdcd-, Success, received at 06/04/2025 17:07:54" date="2025-11-12T21:46:30.535" /><!-- duration: 3ms -->
                </step><!-- duration: 103ms -->
              </step><!-- duration: 3194ms -->
            </step><!-- duration: 3303ms -->
            <step title="Cleaning up temp files" date="2025-11-12T21:46:30.616" /><!-- duration: 3ms -->
            <step title="Cleaning up temp files" date="2025-11-12T21:46:30.623" /><!-- duration: 503ms -->
            <step title="Reloading status file with latest updates" date="2025-11-12T21:46:31.172" >
              <step title="WebHooksManager.PublishEventAsync: PostDeployment" date="2025-11-12T21:46:31.175" /><!-- duration: 30ms -->
            </step><!-- duration: 36ms -->
            <step title="Cleaning up temporary deployment - fetch deployment was successful" date="2025-11-12T21:46:31.212" /><!-- duration: 3ms -->
          </step><!-- duration: 4072ms -->
        </step><!-- duration: 5551ms -->
        <step title="Outgoing response" date="2025-11-12T21:46:31.287" type="response" statusCode="200" statusText="OK" /><!-- duration: 3ms -->
      </step><!-- duration: 5566ms -->
