<step title="Incoming Request" date="2025-06-04T17:50:56.238" instance="65a20e" url="/api/zipdeploy?isAsync=true" method="POST" type="request" pid="821,1,45" Accept="*/*" Host="nlw.scm.azurewebsites.net" User-Agent="AZURECLI/2.73.0 (HOMEBREW)" Accept-Encoding="gzip, deflate" Authorization="Bea..." Cache-Control="no-cache" Content-Type="application/octet-stream" Cookie="ARRAffinity=65a20e064b1a6c476097ac4e6ae4854bff2163349d68722859ad0eeb5b90696a; ARRAffinitySameSite=65a20e064b1a6c476097ac4e6ae4854bff2163349d68722859ad0eeb5b90696a" Content-Length="6247269" x-ms-client-request-id="73a38f14-416c-11f0-8250-22de8617e481" x-ms-artifact-checksum="4bedfa72edf963fdd68df20a856b84ee429f386b9663ac0be9ad3abe1a7ac8fd" X-ARR-LOG-ID="73a38f14-416c-11f0-8250-22de8617e481" CLIENT-IP="40.78.13.173:1337" X-SITE-DEPLOYMENT-ID="nlw" WAS-DEFAULT-HOSTNAME="nlw.scm.azurewebsites.net" X-Forwarded-Proto="https" X-AppService-Proto="https" X-Forwarded-TlsVersion="1.3" X-WAWS-Unencoded-URL="/api/zipdeploy?isAsync=true" X-Client-IP="40.78.13.173" X-Client-Port="1337" >
  <step title="ZipPushDeploy" date="2025-06-04T17:50:56.248" >
    <step title="ZipDeploy. Extract zip." date="2025-06-04T17:50:56.253" /><!-- duration: 2ms -->
    <step title="Starting PushDeployAsync" date="2025-06-04T17:50:56.259" /><!-- duration: 2ms -->
    <step title="Writing artifact to /tmp/zipdeploy/ebc45524-b626-41e8-9895-6bed89cfd4d0.zip" date="2025-06-04T17:50:56.266" >
      <step title="Writing multipart request body to /tmp/zipdeploy/ebc45524-b626-41e8-9895-6bed89cfd4d0.zip" date="2025-06-04T17:50:56.271" /><!-- duration: 2ms -->
    </step><!-- duration: 1001ms -->
    <step title="Start deployment in the background" date="2025-06-04T17:50:57.280" >
      <step title="Acquiring Deployment Lock" date="2025-06-04T17:50:57.289" /><!-- duration: 2ms -->
      <step title="Acquired Deployment Lock" date="2025-06-04T17:50:57.315" /><!-- duration: 2ms -->
    </step><!-- duration: 72ms -->
  </step><!-- duration: 1116ms -->
  <step title="Outgoing response" date="2025-06-04T17:50:57.367" type="response" statusCode="202" statusText="Accepted" /><!-- duration: 2ms -->
</step><!-- duration: 1134ms -->
