<step title="Incoming Request" date="2025-06-04T16:18:01.187" instance="65a20e" url="/api/zipdeploy?isAsync=true" method="POST" type="request" pid="821,1,14" Accept="*/*" Host="nlw.scm.azurewebsites.net" User-Agent="AZURECLI/2.73.0 (HOMEBREW)" Accept-Encoding="gzip, deflate" Authorization="Bea..." Cache-Control="no-cache" Content-Type="application/octet-stream" Cookie="ARRAffinity=65a20e064b1a6c476097ac4e6ae4854bff2163349d68722859ad0eeb5b90696a; ARRAffinitySameSite=65a20e064b1a6c476097ac4e6ae4854bff2163349d68722859ad0eeb5b90696a" Content-Length="5885392" x-ms-client-request-id="5fc9aa76-415f-11f0-bb1b-22de8617e481" x-ms-artifact-checksum="8e6519bb3da22ce10b0cf7ebff3b7cffe4111ccb2c3b0e50ea4f9b5fcdc3a509" X-ARR-LOG-ID="5fc9aa76-415f-11f0-bb1b-22de8617e481" CLIENT-IP="204.11.229.42:49222" X-SITE-DEPLOYMENT-ID="nlw" WAS-DEFAULT-HOSTNAME="nlw.scm.azurewebsites.net" X-Forwarded-Proto="https" X-AppService-Proto="https" X-Forwarded-TlsVersion="1.3" X-WAWS-Unencoded-URL="/api/zipdeploy?isAsync=true" X-Client-IP="204.11.229.42" X-Client-Port="49222" >
  <step title="ZipPushDeploy" date="2025-06-04T16:18:01.215" >
    <step title="ZipDeploy. Extract zip." date="2025-06-04T16:18:01.224" /><!-- duration: 3ms -->
    <step title="None repository commit" date="2025-06-04T16:18:01.232" >
      <step title="Commit id: af9919c7-9563-410d-b8a8-8bfad3dfd136" date="2025-06-04T16:18:01.234" Message="N/A" AuthorName="N/A" AuthorEmail="N/A" /><!-- duration: 2ms -->
    </step><!-- duration: 5ms -->
    <step title="Starting PushDeployAsync" date="2025-06-04T16:18:01.240" /><!-- duration: 2ms -->
    <step title="Writing artifact to /tmp/zipdeploy/128a6ca3-dc01-451d-ac5e-19a501a91fe0.zip" date="2025-06-04T16:18:01.259" >
      <step title="Writing multipart request body to /tmp/zipdeploy/128a6ca3-dc01-451d-ac5e-19a501a91fe0.zip" date="2025-06-04T16:18:01.262" /><!-- duration: 3ms -->
    </step><!-- duration: 3414ms -->
    <step title="Start deployment in the background" date="2025-06-04T16:18:04.690" >
      <step title="Acquiring Deployment Lock" date="2025-06-04T16:18:04.706" /><!-- duration: 2ms -->
      <step title="Acquired Deployment Lock" date="2025-06-04T16:18:04.749" /><!-- duration: 13ms -->
    </step><!-- duration: 115ms -->
  </step><!-- duration: 3596ms -->
  <step title="Outgoing response" date="2025-06-04T16:18:04.843" type="response" statusCode="202" statusText="Accepted" /><!-- duration: 6ms -->
</step><!-- duration: 3665ms -->
