<step title="Incoming Request" date="2025-11-13T20:49:43.459" instance="0ce493" url="/api/publish?type=zip" method="POST" type="request" pid="768,1,58" Accept="*/*" Host="nlw.scm.azurewebsites.net" User-Agent="AZURECLI/2.73.0 (HOMEBREW)" Accept-Encoding="gzip, deflate" Authorization="Bea..." Cache-Control="no-cache" Content-Type="application/octet-stream" Cookie="ARRAffinity=0ce493e10f5dfd14d3b5d8e4a2561b74c87252141b14f03a41221dd01802a017; ARRAffinitySameSite=0ce493e10f5dfd14d3b5d8e4a2561b74c87252141b14f03a41221dd01802a017" Content-Length="2531905" x-ms-client-request-id="43f845bc-c0d2-11f0-94ee-22de8617e481" x-ms-artifact-checksum="7a85960fda6666fe4b300b13bfedea95eeef45ebcf2f5b8b83ccba2660a63b1a" X-ARR-LOG-ID="43f845bc-c0d2-11f0-94ee-22de8617e481" CLIENT-IP="204.11.229.42:49474" X-SITE-DEPLOYMENT-ID="nlw" WAS-DEFAULT-HOSTNAME="nlw.scm.azurewebsites.net" X-Forwarded-Proto="https" X-AppService-Proto="https" X-Forwarded-TlsVersion="1.3" X-WAWS-Unencoded-URL="/api/publish?type=zip" X-Client-IP="204.11.229.42" X-Client-Port="49474" >
  <step title="OneDeploy" date="2025-11-13T20:49:43.483" >
    <step title="None repository commit" date="2025-11-13T20:49:43.489" >
      <step title="Commit id: 4ea5ef71-99f3-4cd6-a61a-243b81db77ec" date="2025-11-13T20:49:43.492" Message="N/A" AuthorName="N/A" AuthorEmail="N/A" /><!-- duration: 2ms -->
    </step><!-- duration: 7ms -->
    <step title="Starting PushDeployAsync" date="2025-11-13T20:49:43.499" /><!-- duration: 2ms -->
    <step title="Writing artifact to /tmp/zipdeploy/d0bd1f91-1a18-4c94-a51b-bdc9f96e8684.zip" date="2025-11-13T20:49:43.509" >
      <step title="Writing multipart request body to /tmp/zipdeploy/d0bd1f91-1a18-4c94-a51b-bdc9f96e8684.zip" date="2025-11-13T20:49:43.515" /><!-- duration: 3ms -->
    </step><!-- duration: 1052ms -->
    <step title="Removing previous build artifact&apos;s manifest file" date="2025-11-13T20:49:44.568" >
      <step title="Attempting to fetch target branch HEAD" date="2025-11-13T20:49:44.575" /><!-- duration: 2ms -->
      <step title="Acquiring Deployment Lock" date="2025-11-13T20:49:44.580" /><!-- duration: 3ms -->
      <step title="Acquired Deployment Lock" date="2025-11-13T20:49:44.604" /><!-- duration: 3ms -->
      <step title="Performing fetch based deployment" date="2025-11-13T20:49:44.613" >
        <step title="Creating temporary deployment" date="2025-11-13T20:49:44.615" /><!-- duration: 92ms -->
        <step title="Releasing Deployment Lock" date="2025-11-13T20:49:45.875" /><!-- duration: 4ms -->
        <step title="Cleaning up temp folders from previous zip deployments and extracting pushed zip file /tmp/zipdeploy/d0bd1f91-1a18-4c94-a51b-bdc9f96e8684.zip (2.41 MB) to /tmp/zipdeploy/extracted" date="2025-11-13T20:49:45.899" >
          <step title="ChmodRecursive Process exited with total time taken in ms: 37" date="2025-11-13T20:49:46.246" /><!-- duration: 6ms -->
        </step><!-- duration: 358ms -->
        <step title="None repository commit" date="2025-11-13T20:49:46.263" >
          <step title="Commit id: 4ea5ef71-99f3-4cd6-a61a-243b81db77ec" date="2025-11-13T20:49:46.266" Message="OneDeploy" AuthorName="N/A" AuthorEmail="N/A" /><!-- duration: 3ms -->
        </step><!-- duration: 10ms -->
        <step title="Deployment timer started" date="2025-11-13T20:49:48.277" >
          <step title="DeploymentManager.Deploy(id:4ea5ef71-99f3-4cd6-a61a-243b81db77ec)" date="2025-11-13T20:49:48.281" >
            <step title="Collecting changeset information" date="2025-11-13T20:49:48.288" /><!-- duration: 70ms -->
            <step title="Updating submodules" date="2025-11-13T20:49:48.363" /><!-- duration: 1189ms -->
            <step title="Determining deployment builder" date="2025-11-13T20:49:49.788" >
              <step title="Builder is OryxBuilder" date="2025-11-13T20:49:49.794" /><!-- duration: 2ms -->
            </step><!-- duration: 11ms -->
            <step title="PreDeployment: context.CleanOutputPath False" date="2025-11-13T20:49:49.879" >
              <step title="PreDeployment: context.OutputPath /home/site/wwwroot" date="2025-11-13T20:49:49.984" >
                <step title="Building" date="2025-11-13T20:49:50.101" >
                  <step title="Executing external process" date="2025-11-13T20:49:50.372" type="process" path="starter.sh" arguments="kudusync -v 50 -f /tmp/zipdeploy/extracted -t /home/site/wwwroot -n /home/site/deployments/4ea5ef71-99f3-4cd6-a61a-243b81db77ec/manifest -p /opt/Kudu/Scripts/firstDeploymentManifest -i &quot;.git;.hg;.deployment;.deploy.sh&quot;" /><!-- duration: 48326ms -->
                  <step title="Modified file to trigger a restart of the app container." date="2025-11-13T20:50:39.333" /><!-- duration: 2ms -->
                  <step title="Skip function trigger and logicapp sync because function is not enabled." date="2025-11-13T20:50:39.339" /><!-- duration: 3ms -->
                  <step title="Purge deployment items" date="2025-11-13T20:50:40.346" >
                    <step title="Remove 4bb016ab-, Success, received at 06/04/2025 17:48:52" date="2025-11-13T20:50:40.400" /><!-- duration: 2ms -->
                  </step><!-- duration: 58ms -->
                </step><!-- duration: 50358ms -->
              </step><!-- duration: 50484ms -->
              <step title="Cleaning up temp files" date="2025-11-13T20:50:40.470" /><!-- duration: 3ms -->
              <step title="Cleaning up temp files" date="2025-11-13T20:50:40.476" /><!-- duration: 503ms -->
              <step title="Reloading status file with latest updates" date="2025-11-13T20:50:41.018" >
                <step title="WebHooksManager.PublishEventAsync: PostDeployment" date="2025-11-13T20:50:41.022" /><!-- duration: 30ms -->
              </step><!-- duration: 37ms -->
              <step title="Cleaning up temporary deployment - fetch deployment was successful" date="2025-11-13T20:50:41.058" /><!-- duration: 4ms -->
            </step><!-- duration: 51238ms -->
          </step><!-- duration: 52840ms -->
          <step title="Outgoing response" date="2025-11-13T20:50:41.128" type="response" statusCode="200" statusText="OK" /><!-- duration: 3ms -->
        </step><!-- duration: 52856ms -->
