<step title="BackgroundTrace" date="2025-05-28T02:23:40.234" instance="72814a" url="/api/zipdeploy" method="POST" >
  <step title="Cleanup Xml Logs" date="2025-05-28T02:23:40.242" /><!-- duration: 4ms -->
  <step title="Creating temporary deployment - FetchDeploymentManager" date="2025-05-28T02:23:40.284" /><!-- duration: 3ms -->
  <step title="Creating temporary deployment" date="2025-05-28T02:23:40.289" /><!-- duration: 37ms -->
  <step title="Performing fetch based deployment" date="2025-05-28T02:23:40.351" >
    <step title="Cleaning up temp folders from previous zip deployments and extracting pushed zip file /tmp/zipdeploy/d2a7c496-899d-4c77-94bf-56146db5ecf7.zip (5.26 MB) to /tmp/zipdeploy/extracted" date="2025-05-28T02:23:41.454" >
      <step title="ChmodRecursive Process exited with total time taken in ms: 30" date="2025-05-28T02:23:41.585" /><!-- duration: 2ms -->
    </step><!-- duration: 138ms -->
    <step title="Deployment timer started" date="2025-05-28T02:23:43.598" >
      <step title="DeploymentManager.Deploy(id:5f6738da-8bdc-4d9a-8f99-8edac6932f43)" date="2025-05-28T02:23:43.604" >
        <step title="Collecting changeset information" date="2025-05-28T02:23:43.611" /><!-- duration: 57ms -->
        <step title="Updating submodules" date="2025-05-28T02:23:43.671" /><!-- duration: 1072ms -->
        <step title="Determining deployment builder" date="2025-05-28T02:23:45.126" >
          <step title="Builder is BasicBuilder" date="2025-05-28T02:23:45.135" /><!-- duration: 2ms -->
        </step><!-- duration: 15ms -->
        <step title="PreDeployment: context.CleanOutputPath False" date="2025-05-28T02:23:45.168" >
          <step title="PreDeployment: context.OutputPath /home/site/wwwroot" date="2025-05-28T02:23:45.220" >
            <step title="Building" date="2025-05-28T02:23:45.289" >
              <step title="Generating deployment script" date="2025-05-28T02:23:45.346" >
                <step title="Executing external process" date="2025-05-28T02:23:45.385" type="process" path="starter.sh" arguments="&quot;/opt/Kudu/node_modules/.bin/kuduscript&quot; -y --no-dot-deployment -r &quot;/tmp/zipdeploy/extracted&quot; -o &quot;/home/site/deployments/tools&quot; --basic --sitePath &quot;/tmp/zipdeploy/extracted&quot;" /><!-- duration: 113ms -->
                <step title="Saved cached version of the deployment script for command -y --no-dot-deployment -r &quot;/tmp/zipdeploy/extracted&quot; -o &quot;/home/site/deployments/tools&quot; --basic --sitePath &quot;/tmp/zipdeploy/extracted&quot;" date="2025-05-28T02:23:45.520" /><!-- duration: 2ms -->
              </step><!-- duration: 178ms -->
              <step title="Executing external process" date="2025-05-28T02:23:45.582" type="process" path="starter.sh" arguments="&quot;/home/site/deployments/tools/deploy.sh&quot;" /><!-- duration: 4920ms -->
              <step title="Triggering recycle (preview mode disabled)." date="2025-05-28T02:23:50.624" /><!-- duration: 7ms -->
              <step title="Modified file to trigger a restart of the app container." date="2025-05-28T02:23:50.654" /><!-- duration: 2ms -->
              <step title="Skip function trigger and logicapp sync because function is not enabled." date="2025-05-28T02:23:50.660" /><!-- duration: 1ms -->
            </step><!-- duration: 5828ms -->
          </step><!-- duration: 5899ms -->
          <step title="Cleaning up temp files" date="2025-05-28T02:23:51.121" /><!-- duration: 4ms -->
          <step title="Cleaning up temp files" date="2025-05-28T02:23:51.126" /><!-- duration: 503ms -->
          <step title="Reloading status file with latest updates" date="2025-05-28T02:23:51.664" >
            <step title="WebHooksManager.PublishEventAsync: PostDeployment" date="2025-05-28T02:23:51.668" /><!-- duration: 29ms -->
          </step><!-- duration: 35ms -->
          <step title="Cleaning up temporary deployment - fetch deployment was successful" date="2025-05-28T02:23:51.701" /><!-- duration: 1ms -->
        </step><!-- duration: 6574ms -->
      </step><!-- duration: 8147ms -->
